2024年4月,,,,,,
編號,地震時間,經度,緯度,規模,深度,位置
213,2024/4/21 17:54,121.742,24.013,4.3,26.1,花蓮縣政府東方  12.7  公里 (位於臺灣東部海域)(臺灣東部海域)
小區域有感地震,2024/4/21 17:14,121.869,24.1777,3.8,23.2,花蓮縣政府東北方  32.7  公里 (位於臺灣東部海域)(臺灣東部海域)
小區域有感地震,2024/4/21 15:51,121.752,24.2583,3.1,7.3,花蓮縣政府北北東方  32.5  公里 (位於花蓮縣近海)(花蓮縣近海)
小區域有感地震,2024/4/21 12:13,121.625,23.9407,3.8,29.6,花蓮縣政府南方  5.6  公里 (位於花蓮縣近海)(花蓮縣近海)
212,2024/4/21 11:07,121.679,24.1942,4.6,24.8,花蓮縣政府北北東方  23.3  公里 (位於花蓮縣近海)(花蓮縣近海)
211,2024/4/21 10:40,121.675,23.4888,5.6,30,花蓮縣政府南方  55.9  公里 (位於臺灣東部海域)(臺灣東部海域)
小區域有感地震,2024/4/21 06:04,121.742,24.3388,3.3,26.6,宜蘭縣政府南方  43.5  公里 (位於宜蘭縣南澳鄉)(宜蘭縣南澳鄉)
小區域有感地震,2024/4/20 20:01,121.757,24.243,3.4,14.2,花蓮縣政府北北東方  31.2  公里 (位於花蓮縣近海)(花蓮縣近海)
小區域有感地震,2024/4/20 14:03,121.516,23.7548,3.2,6.4,花蓮縣政府南南西方  28.2  公里 (位於花蓮縣壽豐鄉)(花蓮縣壽豐鄉)
小區域有感地震,2024/4/20 09:04,121.687,24.2322,4.2,29.3,花蓮縣政府北北東方  27.6  公里 (位於花蓮縣秀林鄉)(花蓮縣秀林鄉)
小區域有感地震,2024/4/20 08:35,121.869,24.2082,4.5,5.7,花蓮縣政府東北方  34.9  公里 (位於臺灣東部海域)(臺灣東部海域)
210,2024/4/19 22:25,121.769,24.3383,4.6,20.4,宜蘭縣政府南方  43.5  公里 (位於宜蘭縣近海)(宜蘭縣近海)
小區域有感地震,2024/4/19 17:51,121.759,24.0647,3.8,31.2,花蓮縣政府東北東方  16.3  公里 (位於臺灣東部海域)(臺灣東部海域)
小區域有感地震,2024/4/19 12:36,121.711,24.2368,3.3,12.4,花蓮縣政府北北東方  28.8  公里 (位於花蓮縣近海)(花蓮縣近海)
小區域有感地震,2024/4/19 10:43,121.655,23.9698,4,37.5,花蓮縣政府東南東方  4.3  公里 (位於花蓮縣近海)(花蓮縣近海)
小區域有感地震,2024/4/19 10:21,121.719,24.231,3.2,15.5,花蓮縣政府北北東方  28.4  公里 (位於花蓮縣近海)(花蓮縣近海)
小區域有感地震,2024/4/19 06:18,121.667,24.1802,3.7,31.9,花蓮縣政府北北東方  21.5  公里 (位於花蓮縣近海)(花蓮縣近海)
小區域有感地震,2024/4/18 17:11,121.752,23.759,4.6,8.2,花蓮縣政府南南東方  29.0  公里 (位於臺灣東部海域)(臺灣東部海域)
小區域有感地震,2024/4/18 16:18,121.67,24.1673,3.9,30.4,花蓮縣政府北北東方  20.2  公里 (位於花蓮縣近海)(花蓮縣近海)
小區域有感地震,2024/4/18 14:09,121.669,24.0842,3.7,29.4,花蓮縣政府北北東方  11.5  公里 (位於花蓮縣近海)(花蓮縣近海)
小區域有感地震,2024/4/18 05:36,120.202,23.356,3.7,10,嘉義縣政府西南方  14.7  公里 (位於嘉義縣義竹鄉)(嘉義縣義竹鄉)
209,2024/4/17 17:17,121.692,23.9135,5.2,19.2,花蓮縣政府東南方  11.3  公里 (位於花蓮縣近海)(花蓮縣近海)
小區域有感地震,2024/4/17 10:12,121.591,23.9593,3.3,23,花蓮縣政府西南方  4.6  公里 (位於花蓮縣吉安鄉)(花蓮縣吉安鄉)
小區域有感地震,2024/4/17 03:01,120.198,23.3472,4.1,9.7,嘉義縣政府西南方  15.8  公里 (位於嘉義縣義竹鄉)(嘉義縣義竹鄉)
208,2024/4/17 02:59,121.763,24.1145,5,18.4,花蓮縣政府東北方  19.9  公里 (位於臺灣東部海域)(臺灣東部海域)
小區域有感地震,2024/4/16 23:57,120.208,23.3497,3.7,9.2,嘉義縣政府西南方  14.9  公里 (位於嘉義縣義竹鄉)(嘉義縣義竹鄉)
小區域有感地震,2024/4/16 22:16,121.081,21.9495,3.6,11.3,臺東縣政府南方  89.5  公里 (位於臺灣東南部海域)(臺灣東南部海域)
小區域有感地震,2024/4/16 21:36,120.207,23.3515,3.5,9.1,嘉義縣政府西南方  14.8  公里 (位於嘉義縣義竹鄉)(嘉義縣義竹鄉)
小區域有感地震,2024/4/16 19:30,121.536,23.7075,3.2,2.8,花蓮縣政府南南西方  32.6  公里 (位於花蓮縣豐濱鄉)(花蓮縣豐濱鄉)
小區域有感地震,2024/4/16 12:07,120.166,23.35,3.5,9.5,嘉義縣政府西南方  17.7  公里 (位於嘉義縣布袋鎮)(嘉義縣布袋鎮)
小區域有感地震,2024/4/16 09:13,121.732,23.9748,3.8,25.5,花蓮縣政府東方  11.6  公里 (位於臺灣東部海域)(臺灣東部海域)
小區域有感地震,2024/4/16 08:52,121.751,24.2505,3.1,13.1,花蓮縣政府北北東方  31.7  公里 (位於花蓮縣近海)(花蓮縣近海)
小區域有感地震,2024/4/16 08:44,121.789,24.239,4.2,13.9,花蓮縣政府東北方  32.4  公里 (位於花蓮縣近海)(花蓮縣近海)
207,2024/4/16 08:37,121.759,24.2562,4.3,10,花蓮縣政府北北東方  32.6  公里 (位於花蓮縣近海)(花蓮縣近海)
206,2024/4/16 08:23,121.791,24.244,4.2,13.7,花蓮縣政府東北方  33.0  公里 (位於花蓮縣近海)(花蓮縣近海)
小區域有感地震,2024/4/16 07:14,121.462,23.9192,3.6,16.9,花蓮縣政府西南西方  18.0  公里 (位於花蓮縣秀林鄉)(花蓮縣秀林鄉)
小區域有感地震,2024/4/16 07:06,120.174,23.3462,3.7,9,嘉義縣政府西南方  17.5  公里 (位於嘉義縣布袋鎮)(嘉義縣布袋鎮)
小區域有感地震,2024/4/16 02:47,121.728,24.0695,4.5,34.3,花蓮縣政府東北方  14.0  公里 (位於臺灣東部海域)(臺灣東部海域)
小區域有感地震,2024/4/15 19:52,120.191,23.3525,3.5,9.3,嘉義縣政府西南方  15.8  公里 (位於嘉義縣義竹鄉)(嘉義縣義竹鄉)
小區域有感地震,2024/4/15 16:17,121.54,23.8565,3.5,9.3,花蓮縣政府南南西方  17.0  公里 (位於花蓮縣壽豐鄉)(花蓮縣壽豐鄉)
小區域有感地震,2024/4/15 12:18,121.741,24.206,3.2,16.4,花蓮縣政府北北東方  26.8  公里 (位於花蓮縣近海)(花蓮縣近海)
205,2024/4/15 07:10,121.751,24.2562,4,12.4,花蓮縣政府北北東方  32.3  公里 (位於花蓮縣近海)(花蓮縣近海)
小區域有感地震,2024/4/15 05:38,121.726,24.2755,3,12.3,花蓮縣政府北北東方  33.3  公里 (位於花蓮縣秀林鄉)(花蓮縣秀林鄉)
小區域有感地震,2024/4/15 03:01,121.56,23.9377,3.3,10.1,花蓮縣政府西南方  8.5  公里 (位於花蓮縣吉安鄉)(花蓮縣吉安鄉)
小區域有感地震,2024/4/15 01:47,121.71,23.9377,4.1,18.2,花蓮縣政府東南東方  10.9  公里 (位於臺灣東部海域)(臺灣東部海域)
204,2024/4/15 00:15,121.663,24.2137,4.2,8,花蓮縣政府北方  25.0  公里 (位於花蓮縣秀林鄉)(花蓮縣秀林鄉)
203,2024/4/14 22:37,121.983,24.3047,4.1,10,花蓮縣政府東北方  50.7  公里 (位於臺灣東部海域)(臺灣東部海域)
小區域有感地震,2024/4/14 21:38,121.718,24.2067,3.1,8.9,花蓮縣政府北北東方  25.9  公里 (位於花蓮縣近海)(花蓮縣近海)
小區域有感地震,2024/4/14 19:49,121.526,23.7547,3.4,7.1,花蓮縣政府南南西方  27.9  公里 (位於花蓮縣壽豐鄉)(花蓮縣壽豐鄉)
小區域有感地震,2024/4/14 12:59,121.614,23.9688,3.6,27.2,花蓮縣政府南南西方  2.5  公里 (位於花蓮縣近海)(花蓮縣近海)
小區域有感地震,2024/4/14 12:30,120.581,23.3428,3.3,8.3,嘉義縣政府東南東方  32.1  公里 (位於嘉義縣大埔鄉)(嘉義縣大埔鄉)
小區域有感地震,2024/4/14 11:39,121.474,23.7222,3.7,19.3,花蓮縣政府南南西方  33.3  公里 (位於花蓮縣鳳林鎮)(花蓮縣鳳林鎮)
小區域有感地震,2024/4/14 11:08,121.799,24.2232,3.3,17.2,花蓮縣政府東北方  31.5  公里 (位於臺灣東部海域)(臺灣東部海域)
小區域有感地震,2024/4/14 09:05,121.956,24.2962,3.6,18.1,花蓮縣政府東北方  48.0  公里 (位於臺灣東部海域)(臺灣東部海域)
小區域有感地震,2024/4/14 07:36,121.846,24.1908,3.7,18.2,花蓮縣政府東北方  31.9  公里 (位於臺灣東部海域)(臺灣東部海域)
小區域有感地震,2024/4/14 07:35,121.866,24.1893,3.7,20.2,花蓮縣政府東北方  33.3  公里 (位於臺灣東部海域)(臺灣東部海域)
小區域有感地震,2024/4/14 07:23,121.867,24.2567,4,18.5,花蓮縣政府東北方  38.7  公里 (位於臺灣東部海域)(臺灣東部海域)
小區域有感地震,2024/4/14 07:11,121.658,24.0642,3.8,29,花蓮縣政府北北東方  9.0  公里 (位於花蓮縣近海)(花蓮縣近海)
小區域有感地震,2024/4/14 06:09,120.202,23.353,3.4,9.7,嘉義縣政府西南方  15.0  公里 (位於嘉義縣義竹鄉)(嘉義縣義竹鄉)
小區域有感地震,2024/4/14 04:07,121.699,24.1282,3.4,14.6,花蓮縣政府北北東方  17.2  公里 (位於花蓮縣近海)(花蓮縣近海)
小區域有感地震,2024/4/14 04:04,121.852,24.254,3.7,10.6,花蓮縣政府東北方  37.5  公里 (位於臺灣東部海域)(臺灣東部海域)
小區域有感地震,2024/4/14 03:29,121.695,24.1237,3.5,14.7,花蓮縣政府北北東方  16.6  公里 (位於花蓮縣近海)(花蓮縣近海)
202,2024/4/14 02:39,120.196,23.3642,4.2,25,嘉義縣政府西南方  14.4  公里 (位於嘉義縣義竹鄉)(嘉義縣義竹鄉)
小區域有感地震,2024/4/14 02:39,120.187,23.3647,3.7,8.7,嘉義縣政府西南方  15.0  公里 (位於嘉義縣義竹鄉)(嘉義縣義竹鄉)
小區域有感地震,2024/4/14 01:59,121.587,23.8165,3.6,28,花蓮縣政府南方  19.6  公里 (位於花蓮縣近海)(花蓮縣近海)
小區域有感地震,2024/4/14 00:35,121.722,23.9793,3.5,25.1,花蓮縣政府東方  10.4  公里 (位於臺灣東部海域)(臺灣東部海域)
小區域有感地震,2024/4/14 00:18,120.202,23.3577,3.3,8.9,嘉義縣政府西南方  14.6  公里 (位於嘉義縣義竹鄉)(嘉義縣義竹鄉)
201,2024/4/13 22:26,121.572,24.0205,4.9,11.5,花蓮縣政府西北西方  5.9  公里 (位於花蓮縣秀林鄉)(花蓮縣秀林鄉)
小區域有感地震,2024/4/13 20:55,121.995,24.0835,4.1,26.6,花蓮縣政府東北東方  39.5  公里 (位於臺灣東部海域)(臺灣東部海域)
200,2024/4/13 20:38,121.516,23.7402,4.4,7.5,花蓮縣政府南南西方  29.7  公里 (位於花蓮縣壽豐鄉)(花蓮縣壽豐鄉)
小區域有感地震,2024/4/13 20:38,121.515,23.7522,3.3,7.5,花蓮縣政府南南西方  28.5  公里 (位於花蓮縣壽豐鄉)(花蓮縣壽豐鄉)
小區域有感地震,2024/4/13 15:53,121.734,24.1903,3.2,5.9,花蓮縣政府北北東方  24.9  公里 (位於花蓮縣近海)(花蓮縣近海)
小區域有感地震,2024/4/13 06:50,120.215,23.3635,3.3,10.5,嘉義縣政府西南方  13.3  公里 (位於嘉義縣義竹鄉)(嘉義縣義竹鄉)
小區域有感地震,2024/4/13 05:30,120.21,23.3598,3.5,9.7,嘉義縣政府西南方  13.9  公里 (位於嘉義縣義竹鄉)(嘉義縣義竹鄉)
小區域有感地震,2024/4/13 05:00,121.656,23.9622,3.8,30.1,花蓮縣政府東南方  4.9  公里 (位於花蓮縣近海)(花蓮縣近海)
小區域有感地震,2024/4/13 04:59,120.198,23.3535,3.5,9,嘉義縣政府西南方  15.2  公里 (位於嘉義縣義竹鄉)(嘉義縣義竹鄉)
小區域有感地震,2024/4/13 04:21,120.187,23.3707,3.3,11.7,嘉義縣政府西南方  14.6  公里 (位於嘉義縣義竹鄉)(嘉義縣義竹鄉)
199,2024/4/13 04:00,120.18,23.3715,4,10.2,嘉義縣政府西南方  15.0  公里 (位於嘉義縣布袋鎮)(嘉義縣布袋鎮)
小區域有感地震,2024/4/13 03:35,120.201,23.3552,3.3,9,嘉義縣政府西南方  14.8  公里 (位於嘉義縣義竹鄉)(嘉義縣義竹鄉)
小區域有感地震,2024/4/13 03:10,121.729,24.2095,3.2,12.4,花蓮縣政府北北東方  26.6  公里 (位於花蓮縣近海)(花蓮縣近海)
198,2024/4/13 02:44,120.184,23.3758,4.9,10.4,嘉義縣政府西南方  14.5  公里 (位於嘉義縣布袋鎮)(嘉義縣布袋鎮)
小區域有感地震,2024/4/12 23:43,120.202,23.364,3.4,9.6,嘉義縣政府西南方  14.0  公里 (位於嘉義縣義竹鄉)(嘉義縣義竹鄉)
197,2024/4/12 22:20,121.63,22.3628,4.7,14.5,臺東縣政府東南方  65.6  公里 (位於臺灣東南部海域)(臺灣東南部海域)
小區域有感地震,2024/4/12 20:25,121.871,24.1977,3.4,20.4,花蓮縣政府東北方  34.3  公里 (位於臺灣東部海域)(臺灣東部海域)
小區域有感地震,2024/4/12 20:12,121.62,23.966,3.8,24.9,花蓮縣政府南方  2.8  公里 (位於花蓮縣近海)(花蓮縣近海)
小區域有感地震,2024/4/12 19:33,121.555,23.7937,3.3,8.1,花蓮縣政府南南西方  22.9  公里 (位於花蓮縣壽豐鄉)(花蓮縣壽豐鄉)
小區域有感地震,2024/4/12 18:46,121.665,24.0243,3.9,30.2,花蓮縣政府東北方  5.9  公里 (位於花蓮縣近海)(花蓮縣近海)
小區域有感地震,2024/4/12 14:51,121.623,24.4863,3.8,44.2,宜蘭縣政府南南西方  30.6  公里 (位於宜蘭縣南澳鄉)(宜蘭縣南澳鄉)
小區域有感地震,2024/4/12 11:14,121.724,24.0445,3.5,28.5,花蓮縣政府東北東方  12.1  公里 (位於臺灣東部海域)(臺灣東部海域)
小區域有感地震,2024/4/12 10:53,121.853,24.2848,3.7,10.3,花蓮縣政府東北方  40.2  公里 (位於臺灣東部海域)(臺灣東部海域)
小區域有感地震,2024/4/12 09:16,121.726,24.2543,3.6,14.8,花蓮縣政府北北東方  31.1  公里 (位於花蓮縣近海)(花蓮縣近海)
196,2024/4/12 08:54,121.749,23.9815,4.3,23.1,花蓮縣政府東方  13.2  公里 (位於臺灣東部海域)(臺灣東部海域)
195,2024/4/12 08:29,121.699,23.9977,4.2,27.6,花蓮縣政府東方  8.0  公里 (位於花蓮縣近海)(花蓮縣近海)
小區域有感地震,2024/4/12 05:32,121.881,24.1778,3.8,23.5,花蓮縣政府東北方  33.7  公里 (位於臺灣東部海域)(臺灣東部海域)
小區域有感地震,2024/4/12 05:04,121.825,24.5007,3.3,10.1,宜蘭縣政府南南東方  26.3  公里 (位於宜蘭縣蘇澳鎮)(宜蘭縣蘇澳鎮)
小區域有感地震,2024/4/12 04:55,121.811,24.5497,3,7.8,宜蘭縣政府南南東方  20.7  公里 (位於宜蘭縣南澳鄉)(宜蘭縣南澳鄉)
小區域有感地震,2024/4/12 03:50,121.633,23.8502,3.7,23.5,花蓮縣政府南方  15.7  公里 (位於花蓮縣近海)(花蓮縣近海)
小區域有感地震,2024/4/12 02:52,121.699,24.1197,3.9,16.8,花蓮縣政府北北東方  16.4  公里 (位於花蓮縣近海)(花蓮縣近海)
小區域有感地震,2024/4/12 01:28,121.707,24.2525,3.1,12.4,花蓮縣政府北北東方  30.3  公里 (位於花蓮縣秀林鄉)(花蓮縣秀林鄉)
小區域有感地震,2024/4/12 00:04,121.737,24.2102,3.3,16,花蓮縣政府北北東方  27.0  公里 (位於花蓮縣近海)(花蓮縣近海)
小區域有感地震,2024/4/11 23:56,121.723,24.0322,3.9,28.1,花蓮縣政府東北東方  11.4  公里 (位於花蓮縣近海)(花蓮縣近海)
194,2024/4/11 22:09,121.706,24.1413,4,20.8,花蓮縣政府北北東方  18.8  公里 (位於花蓮縣近海)(花蓮縣近海)
小區域有感地震,2024/4/11 21:41,121.284,24.0108,3.2,5,花蓮縣政府西方  34.3  公里 (位於花蓮縣秀林鄉)(花蓮縣秀林鄉)
小區域有感地震,2024/4/11 21:23,121.905,24.225,3.8,10.9,花蓮縣政府東北方  38.9  公里 (位於臺灣東部海域)(臺灣東部海域)
小區域有感地震,2024/4/11 20:44,121.747,24.2242,3.3,17,花蓮縣政府北北東方  28.9  公里 (位於花蓮縣近海)(花蓮縣近海)
小區域有感地震,2024/4/11 19:53,121.719,24.1652,3.6,19.6,花蓮縣政府北北東方  21.8  公里 (位於花蓮縣近海)(花蓮縣近海)
小區域有感地震,2024/4/11 19:08,121.808,24.2727,3.4,9.6,花蓮縣政府北北東方  36.6  公里 (位於花蓮縣近海)(花蓮縣近海)
小區域有感地震,2024/4/11 15:40,121.814,24.5475,3.7,9.4,宜蘭縣政府南南東方  21.0  公里 (位於宜蘭縣南澳鄉)(宜蘭縣南澳鄉)
小區域有感地震,2024/4/11 14:31,121.559,24.0162,3.4,6.7,花蓮縣政府西北西方  6.8  公里 (位於花蓮縣秀林鄉)(花蓮縣秀林鄉)
小區域有感地震,2024/4/11 14:07,121.736,24.1047,3.6,27.1,花蓮縣政府東北方  17.2  公里 (位於臺灣東部海域)(臺灣東部海域)
小區域有感地震,2024/4/11 12:02,121.671,24.1797,4.1,36.2,花蓮縣政府北北東方  21.5  公里 (位於花蓮縣近海)(花蓮縣近海)
小區域有感地震,2024/4/11 10:00,121.361,24.2157,3.7,5,花蓮縣政府西北方  36.2  公里 (位於花蓮縣秀林鄉)(花蓮縣秀林鄉)
小區域有感地震,2024/4/11 09:20,121.922,24.217,3.7,26,花蓮縣政府東北方  39.6  公里 (位於臺灣東部海域)(臺灣東部海域)
193,2024/4/11 08:53,121.674,24.1767,4.1,24.4,花蓮縣政府北北東方  21.3  公里 (位於花蓮縣近海)(花蓮縣近海)
小區域有感地震,2024/4/11 07:14,121.795,24.2703,3.3,11.5,花蓮縣政府北北東方  35.7  公里 (位於花蓮縣近海)(花蓮縣近海)
小區域有感地震,2024/4/11 06:02,121.637,24.0408,4.2,24.4,花蓮縣政府北北東方  5.8  公里 (位於花蓮縣近海)(花蓮縣近海)
小區域有感地震,2024/4/11 05:33,121.745,24.2423,3.2,11.5,花蓮縣政府北北東方  30.6  公里 (位於花蓮縣近海)(花蓮縣近海)
小區域有感地震,2024/4/11 05:02,121.563,23.8758,3.1,9.6,花蓮縣政府南南西方  14.0  公里 (位於花蓮縣壽豐鄉)(花蓮縣壽豐鄉)
小區域有感地震,2024/4/11 03:58,121.942,24.1292,4.5,25.7,花蓮縣政府東北東方  36.2  公里 (位於臺灣東部海域)(臺灣東部海域)
小區域有感地震,2024/4/11 03:13,121.562,23.787,3.5,7.1,花蓮縣政府南南西方  23.3  公里 (位於花蓮縣壽豐鄉)(花蓮縣壽豐鄉)
小區域有感地震,2024/4/11 02:05,121.71,24.2552,3.3,13.4,花蓮縣政府北北東方  30.6  公里 (位於花蓮縣秀林鄉)(花蓮縣秀林鄉)
小區域有感地震,2024/4/11 01:00,121.776,24.163,3.3,5.2,花蓮縣政府東北方  24.8  公里 (位於臺灣東部海域)(臺灣東部海域)
192,2024/4/11 00:55,121.77,24.1852,4.9,6.4,花蓮縣政府東北方  26.4  公里 (位於臺灣東部海域)(臺灣東部海域)
191,2024/4/11 00:27,121.767,24.2002,4.3,19,花蓮縣政府東北方  27.6  公里 (位於臺灣東部海域)(臺灣東部海域)
小區域有感地震,2024/4/10 22:19,121.873,24.4577,3.7,17.2,宜蘭縣政府南南東方  32.2  公里 (位於宜蘭縣近海)(宜蘭縣近海)
小區域有感地震,2024/4/10 21:34,121.85,24.2757,3.6,25,花蓮縣政府東北方  39.3  公里 (位於臺灣東部海域)(臺灣東部海域)
小區域有感地震,2024/4/10 20:38,121.558,23.9962,3.2,9.6,花蓮縣政府西方  6.3  公里 (位於花蓮縣花蓮市)(花蓮縣花蓮市)
小區域有感地震,2024/4/10 20:13,121.518,23.7037,3.6,5,花蓮縣政府南南西方  33.5  公里 (位於花蓮縣豐濱鄉)(花蓮縣豐濱鄉)
190,2024/4/10 19:23,121.756,24.1043,4.8,18.4,花蓮縣政府東北方  18.7  公里 (位於臺灣東部海域)(臺灣東部海域)
小區域有感地震,2024/4/10 18:07,121.699,24.2483,3.5,12.6,花蓮縣政府北北東方  29.6  公里 (位於花蓮縣秀林鄉)(花蓮縣秀林鄉)
189,2024/4/10 17:09,121.612,23.9027,4.6,11.9,花蓮縣政府南方  9.8  公里 (位於花蓮縣近海)(花蓮縣近海)
小區域有感地震,2024/4/10 15:46,121.774,24.2487,3.6,13.5,花蓮縣政府北北東方  32.5  公里 (位於花蓮縣近海)(花蓮縣近海)
小區域有感地震,2024/4/10 14:57,121.716,24.0675,4.1,27.6,花蓮縣政府東北方  13.0  公里 (位於臺灣東部海域)(臺灣東部海域)
小區域有感地震,2024/4/10 12:22,121.658,24.1885,3.7,29.6,花蓮縣政府北方  22.2  公里 (位於花蓮縣近海)(花蓮縣近海)
小區域有感地震,2024/4/10 11:20,121.789,24.2653,3.9,21.7,花蓮縣政府北北東方  34.9  公里 (位於花蓮縣近海)(花蓮縣近海)
小區域有感地震,2024/4/10 11:17,121.623,23.9257,4,32.7,花蓮縣政府南方  7.2  公里 (位於花蓮縣近海)(花蓮縣近海)
小區域有感地震,2024/4/10 07:29,121.705,24.2465,3.8,12.9,花蓮縣政府北北東方  29.6  公里 (位於花蓮縣秀林鄉)(花蓮縣秀林鄉)
小區域有感地震,2024/4/10 06:08,121.646,23.932,3.5,31,花蓮縣政府南南東方  7.0  公里 (位於花蓮縣近海)(花蓮縣近海)
小區域有感地震,2024/4/10 05:36,121.652,24.0365,4.1,27.7,花蓮縣政府東北方  6.0  公里 (位於花蓮縣近海)(花蓮縣近海)
188,2024/4/10 05:34,121.702,24.118,4.6,16.9,花蓮縣政府北北東方  16.3  公里 (位於花蓮縣近海)(花蓮縣近海)
小區域有感地震,2024/4/10 05:05,121.9,24.2412,3.9,10.1,花蓮縣政府東北方  39.7  公里 (位於臺灣東部海域)(臺灣東部海域)
小區域有感地震,2024/4/10 01:59,121.655,23.9872,3.9,40.1,花蓮縣政府東方  3.6  公里 (位於花蓮縣近海)(花蓮縣近海)
小區域有感地震,2024/4/9 22:13,121.617,23.8758,3.5,31.4,花蓮縣政府南方  12.8  公里 (位於花蓮縣近海)(花蓮縣近海)
小區域有感地震,2024/4/9 21:22,121.623,23.9458,4,29.7,花蓮縣政府南方  5.0  公里 (位於花蓮縣近海)(花蓮縣近海)
小區域有感地震,2024/4/9 21:03,121.665,24.2083,3.9,22.9,花蓮縣政府北北東方  24.5  公里 (位於花蓮縣近海)(花蓮縣近海)
小區域有感地震,2024/4/9 21:00,121.827,24.2843,3,9.9,花蓮縣政府東北方  38.7  公里 (位於花蓮縣近海)(花蓮縣近海)
187,2024/4/9 20:20,121.729,24.2358,4.1,9.3,花蓮縣政府北北東方  29.3  公里 (位於花蓮縣近海)(花蓮縣近海)
186,2024/4/9 20:01,120.724,23.1508,4.2,5.5,高雄市政府東北方  72.3  公里 (位於高雄市桃源區)(高雄市桃源區)
小區域有感地震,2024/4/9 19:35,121.697,24.2415,3.1,11.8,花蓮縣政府北北東方  28.8  公里 (位於花蓮縣秀林鄉)(花蓮縣秀林鄉)
小區域有感地震,2024/4/9 18:42,121.758,24.2045,3.2,8.7,花蓮縣政府北北東方  27.5  公里 (位於臺灣東部海域)(臺灣東部海域)
小區域有感地震,2024/4/9 17:50,121.654,24.0352,4.1,36.4,花蓮縣政府東北方  6.0  公里 (位於花蓮縣近海)(花蓮縣近海)
小區域有感地震,2024/4/9 16:01,121.848,24.3082,3.3,10.3,花蓮縣政府東北方  42.1  公里 (位於花蓮縣近海)(花蓮縣近海)
小區域有感地震,2024/4/9 16:00,121.624,24.0308,3.7,24.7,花蓮縣政府北方  4.4  公里 (位於花蓮縣新城鄉)(花蓮縣新城鄉)
小區域有感地震,2024/4/9 15:58,121.675,24.079,3.6,28.4,花蓮縣政府北北東方  11.2  公里 (位於花蓮縣近海)(花蓮縣近海)
小區域有感地震,2024/4/9 15:49,121.666,24.1088,3.5,29.8,花蓮縣政府北北東方  13.9  公里 (位於花蓮縣近海)(花蓮縣近海)
185,2024/4/9 15:40,121.539,23.8352,4.2,7.2,花蓮縣政府南南西方  19.1  公里 (位於花蓮縣壽豐鄉)(花蓮縣壽豐鄉)
小區域有感地震,2024/4/9 14:47,121.816,24.1543,3.8,21.2,花蓮縣政府東北方  26.9  公里 (位於臺灣東部海域)(臺灣東部海域)
小區域有感地震,2024/4/9 14:10,121.508,23.778,3.2,9.3,花蓮縣政府南南西方  26.2  公里 (位於花蓮縣壽豐鄉)(花蓮縣壽豐鄉)
小區域有感地震,2024/4/9 14:03,121.629,24.0547,3.4,32.4,花蓮縣政府北方  7.1  公里 (位於花蓮縣近海)(花蓮縣近海)
小區域有感地震,2024/4/9 13:45,122.387,24.6762,3.8,12.8,宜蘭縣政府東方  63.4  公里 (位於臺灣東部海域)(臺灣東部海域)
小區域有感地震,2024/4/9 13:41,121.986,24.3,3.4,13.9,花蓮縣政府東北方  50.5  公里 (位於臺灣東部海域)(臺灣東部海域)
小區域有感地震,2024/4/9 13:21,121.74,24.2365,3.5,13.6,花蓮縣政府北北東方  29.8  公里 (位於花蓮縣近海)(花蓮縣近海)
小區域有感地震,2024/4/9 12:47,121.533,23.8547,3.5,3.6,花蓮縣政府南南西方  17.5  公里 (位於花蓮縣壽豐鄉)(花蓮縣壽豐鄉)
小區域有感地震,2024/4/9 12:40,121.578,24.149,3.2,15.7,花蓮縣政府北北西方  18.0  公里 (位於花蓮縣秀林鄉)(花蓮縣秀林鄉)
小區域有感地震,2024/4/9 11:51,121.84,24.2368,3.7,20.7,花蓮縣政府東北方  35.3  公里 (位於臺灣東部海域)(臺灣東部海域)
小區域有感地震,2024/4/9 10:17,121.631,24.0147,4.1,22.1,花蓮縣政府北北東方  2.9  公里 (位於花蓮縣花蓮市)(花蓮縣花蓮市)
小區域有感地震,2024/4/9 10:17,121.764,24.2227,3.9,17.1,花蓮縣政府北北東方  29.5  公里 (位於花蓮縣近海)(花蓮縣近海)
小區域有感地震,2024/4/9 10:15,121.754,24.2478,3.2,12.1,花蓮縣政府北北東方  31.5  公里 (位於花蓮縣近海)(花蓮縣近海)
小區域有感地震,2024/4/9 10:13,121.533,23.8542,3.4,7.6,花蓮縣政府南南西方  17.6  公里 (位於花蓮縣壽豐鄉)(花蓮縣壽豐鄉)
小區域有感地震,2024/4/9 10:08,121.7,24.2588,3.5,12.7,花蓮縣政府北北東方  30.7  公里 (位於花蓮縣秀林鄉)(花蓮縣秀林鄉)
184,2024/4/9 09:33,121.549,23.7742,4.3,23.7,花蓮縣政府南南西方  25.1  公里 (位於花蓮縣壽豐鄉)(花蓮縣壽豐鄉)
183,2024/4/9 07:26,121.679,24.1697,4.5,27.1,花蓮縣政府北北東方  20.7  公里 (位於花蓮縣近海)(花蓮縣近海)
小區域有感地震,2024/4/9 06:35,121.669,24.1017,4.1,44.3,花蓮縣政府北北東方  13.2  公里 (位於花蓮縣近海)(花蓮縣近海)
182,2024/4/9 06:14,121.705,23.9917,4.9,16.4,花蓮縣政府東方  8.7  公里 (位於花蓮縣近海)(花蓮縣近海)
小區域有感地震,2024/4/9 05:59,121.846,24.1325,3.7,19.3,花蓮縣政府東北東方  27.8  公里 (位於臺灣東部海域)(臺灣東部海域)
小區域有感地震,2024/4/9 04:54,121.9,24.255,3.7,9.9,花蓮縣政府東北方  40.8  公里 (位於臺灣東部海域)(臺灣東部海域)
小區域有感地震,2024/4/9 03:42,121.688,24.1158,3.6,16.8,花蓮縣政府北北東方  15.4  公里 (位於花蓮縣近海)(花蓮縣近海)
小區域有感地震,2024/4/9 03:12,121.821,24.2743,3.1,10.2,花蓮縣政府東北方  37.4  公里 (位於花蓮縣近海)(花蓮縣近海)
小區域有感地震,2024/4/9 02:19,121.626,23.8338,3.4,12.1,花蓮縣政府南方  17.4  公里 (位於花蓮縣近海)(花蓮縣近海)
181,2024/4/9 02:02,121.682,23.9438,5.3,24.6,花蓮縣政府東南方  8.2  公里 (位於花蓮縣近海)(花蓮縣近海)
小區域有感地震,2024/4/9 02:01,121.72,24.2633,3.2,13.7,花蓮縣政府北北東方  31.8  公里 (位於花蓮縣秀林鄉)(花蓮縣秀林鄉)
小區域有感地震,2024/4/9 01:38,121.985,24.325,3.4,14.5,宜蘭縣政府南南東方  50.3  公里 (位於臺灣東部海域)(臺灣東部海域)
小區域有感地震,2024/4/8 22:14,121.606,23.9568,3.7,40.3,花蓮縣政府南南西方  4.1  公里 (位於花蓮縣近海)(花蓮縣近海)
小區域有感地震,2024/4/8 21:46,121.89,24.4908,3.3,9.4,宜蘭縣政府南南東方  29.5  公里 (位於宜蘭縣近海)(宜蘭縣近海)
小區域有感地震,2024/4/8 21:28,121.808,24.264,3.2,11.3,花蓮縣政府東北方  35.7  公里 (位於花蓮縣近海)(花蓮縣近海)
小區域有感地震,2024/4/8 21:03,121.656,24.189,3.6,30.9,花蓮縣政府北方  22.2  公里 (位於花蓮縣近海)(花蓮縣近海)
小區域有感地震,2024/4/8 20:23,121.566,24.0157,3.9,6.7,花蓮縣政府西北西方  6.2  公里 (位於花蓮縣秀林鄉)(花蓮縣秀林鄉)
小區域有感地震,2024/4/8 20:22,121.582,23.7905,3.4,7.3,花蓮縣政府南方  22.5  公里 (位於花蓮縣近海)(花蓮縣近海)
小區域有感地震,2024/4/8 19:48,121.838,24.2903,3.5,8.4,花蓮縣政府東北方  39.9  公里 (位於花蓮縣近海)(花蓮縣近海)
小區域有感地震,2024/4/8 19:33,121.728,24.2618,3.1,13.5,花蓮縣政府北北東方  31.9  公里 (位於花蓮縣秀林鄉)(花蓮縣秀林鄉)
小區域有感地震,2024/4/8 19:15,120.635,23.3293,3.7,8.5,嘉義縣政府東南東方  37.8  公里 (位於嘉義縣大埔鄉)(嘉義縣大埔鄉)
小區域有感地震,2024/4/8 18:20,121.625,24.0908,3.3,5.7,花蓮縣政府北方  11.1  公里 (位於花蓮縣近海)(花蓮縣近海)
小區域有感地震,2024/4/8 18:18,121.599,23.812,3.6,31.2,花蓮縣政府南方  19.9  公里 (位於花蓮縣近海)(花蓮縣近海)
小區域有感地震,2024/4/8 17:35,121.563,24.0137,3.3,6.1,花蓮縣政府西北西方  6.3  公里 (位於花蓮縣秀林鄉)(花蓮縣秀林鄉)
小區域有感地震,2024/4/8 17:24,121.85,24.3008,3.3,12.1,花蓮縣政府東北方  41.5  公里 (位於花蓮縣近海)(花蓮縣近海)
小區域有感地震,2024/4/8 17:19,121.669,24.2262,4.3,18.8,花蓮縣政府北北東方  26.5  公里 (位於花蓮縣秀林鄉)(花蓮縣秀林鄉)
小區域有感地震,2024/4/8 16:52,121.602,23.9368,3.5,30.2,花蓮縣政府南南西方  6.3  公里 (位於花蓮縣壽豐鄉)(花蓮縣壽豐鄉)
小區域有感地震,2024/4/8 16:50,121.744,24.2602,3.7,11.8,花蓮縣政府北北東方  32.4  公里 (位於花蓮縣近海)(花蓮縣近海)
180,2024/4/8 16:45,121.644,23.9463,4.5,35.4,花蓮縣政府南南東方  5.5  公里 (位於花蓮縣近海)(花蓮縣近海)
小區域有感地震,2024/4/8 16:44,121.64,23.9538,4,33.6,花蓮縣政府南南東方  4.6  公里 (位於花蓮縣近海)(花蓮縣近海)
小區域有感地震,2024/4/8 16:14,121.701,24.1755,3.9,9.7,花蓮縣政府北北東方  22.0  公里 (位於花蓮縣近海)(花蓮縣近海)
小區域有感地震,2024/4/8 16:00,121.689,24.2517,3.3,20.1,花蓮縣政府北北東方  29.7  公里 (位於花蓮縣秀林鄉)(花蓮縣秀林鄉)
小區域有感地震,2024/4/8 15:12,121.832,24.2063,3.3,20.4,花蓮縣政府東北方  32.1  公里 (位於臺灣東部海域)(臺灣東部海域)
小區域有感地震,2024/4/8 15:00,121.757,24.2178,3.3,14.2,花蓮縣政府北北東方  28.7  公里 (位於花蓮縣近海)(花蓮縣近海)
小區域有感地震,2024/4/8 14:11,121.571,24.0133,3.3,6,花蓮縣政府西北西方  5.6  公里 (位於花蓮縣秀林鄉)(花蓮縣秀林鄉)
小區域有感地震,2024/4/8 14:02,121.534,23.8223,3.7,21.1,花蓮縣政府南南西方  20.6  公里 (位於花蓮縣壽豐鄉)(花蓮縣壽豐鄉)
小區域有感地震,2024/4/8 13:23,121.839,24.2088,3.6,22.9,花蓮縣政府東北方  32.8  公里 (位於臺灣東部海域)(臺灣東部海域)
179,2024/4/8 13:09,121.829,24.2088,5.1,5.1,花蓮縣政府東北方  32.1  公里 (位於臺灣東部海域)(臺灣東部海域)
小區域有感地震,2024/4/8 12:49,121.74,24.3032,3.3,17.4,花蓮縣政府北北東方  36.7  公里 (位於花蓮縣秀林鄉)(花蓮縣秀林鄉)
小區域有感地震,2024/4/8 12:26,121.687,24.2472,3.1,13.2,花蓮縣政府北北東方  29.2  公里 (位於花蓮縣秀林鄉)(花蓮縣秀林鄉)
小區域有感地震,2024/4/8 12:23,121.708,24.2362,3.3,12.9,花蓮縣政府北北東方  28.6  公里 (位於花蓮縣近海)(花蓮縣近海)
小區域有感地震,2024/4/8 11:31,121.705,24.2353,3.2,12.8,花蓮縣政府北北東方  28.4  公里 (位於花蓮縣秀林鄉)(花蓮縣秀林鄉)
小區域有感地震,2024/4/8 11:28,121.713,24.2332,3.3,13.2,花蓮縣政府北北東方  28.4  公里 (位於花蓮縣近海)(花蓮縣近海)
小區域有感地震,2024/4/8 09:46,121.841,24.2543,3.9,23.2,花蓮縣政府東北方  36.8  公里 (位於臺灣東部海域)(臺灣東部海域)
小區域有感地震,2024/4/8 09:31,121.554,24.0108,3.3,6.2,花蓮縣政府西北西方  7.1  公里 (位於花蓮縣秀林鄉)(花蓮縣秀林鄉)
178,2024/4/8 07:28,121.847,24.2467,4.3,24.2,花蓮縣政府東北方  36.5  公里 (位於臺灣東部海域)(臺灣東部海域)
小區域有感地震,2024/4/8 07:03,121.553,24.0068,3.5,6.3,花蓮縣政府西北西方  7.1  公里 (位於花蓮縣秀林鄉)(花蓮縣秀林鄉)
177,2024/4/8 06:49,121.824,24.2422,4.8,16.8,花蓮縣政府東北方  34.7  公里 (位於臺灣東部海域)(臺灣東部海域)
小區域有感地震,2024/4/8 06:48,121.716,24.2683,3.2,13.1,花蓮縣政府北北東方  32.2  公里 (位於花蓮縣秀林鄉)(花蓮縣秀林鄉)
小區域有感地震,2024/4/8 06:40,121.75,24.2568,3.4,12.8,花蓮縣政府北北東方  32.3  公里 (位於花蓮縣近海)(花蓮縣近海)
小區域有感地震,2024/4/8 06:30,121.522,23.8097,3.1,13.5,花蓮縣政府南南西方  22.4  公里 (位於花蓮縣壽豐鄉)(花蓮縣壽豐鄉)
小區域有感地震,2024/4/8 05:00,121.715,24.2555,3,13.9,花蓮縣政府北北東方  30.8  公里 (位於花蓮縣秀林鄉)(花蓮縣秀林鄉)
小區域有感地震,2024/4/8 04:22,121.745,24.2297,3.5,14.7,花蓮縣政府北北東方  29.3  公里 (位於花蓮縣近海)(花蓮縣近海)
小區域有感地震,2024/4/8 04:21,121.599,23.8995,3.7,27.6,花蓮縣政府南南西方  10.4  公里 (位於花蓮縣近海)(花蓮縣近海)
176,2024/4/8 03:58,121.664,23.9368,4.6,37.2,花蓮縣政府東南方  7.5  公里 (位於花蓮縣近海)(花蓮縣近海)
小區域有感地震,2024/4/8 03:47,121.712,24.2568,3.7,12.9,花蓮縣政府北北東方  30.9  公里 (位於花蓮縣秀林鄉)(花蓮縣秀林鄉)
小區域有感地震,2024/4/8 02:12,121.605,24.022,4.3,18.3,花蓮縣政府北北西方  3.8  公里 (位於花蓮縣新城鄉)(花蓮縣新城鄉)
175,2024/4/8 02:12,121.836,24.2917,4.4,10.8,花蓮縣政府東北方  39.9  公里 (位於花蓮縣近海)(花蓮縣近海)
小區域有感地震,2024/4/8 01:45,121.843,24.286,3.2,10.2,花蓮縣政府東北方  39.7  公里 (位於花蓮縣近海)(花蓮縣近海)
小區域有感地震,2024/4/8 01:23,120.208,23.3628,3.9,9.6,嘉義縣政府西南方  13.7  公里 (位於嘉義縣義竹鄉)(嘉義縣義竹鄉)
小區域有感地震,2024/4/8 01:03,121.534,23.78,3.7,17.6,花蓮縣政府南南西方  25.0  公里 (位於花蓮縣壽豐鄉)(花蓮縣壽豐鄉)
小區域有感地震,2024/4/8 00:14,121.649,24.0282,3.6,28.9,花蓮縣政府東北方  5.1  公里 (位於花蓮縣近海)(花蓮縣近海)
174,2024/4/7 23:35,121.851,24.2858,4,9.9,花蓮縣政府東北方  40.2  公里 (位於臺灣東部海域)(臺灣東部海域)
小區域有感地震,2024/4/7 23:17,121.626,24.076,3.3,7.9,花蓮縣政府北方  9.4  公里 (位於花蓮縣近海)(花蓮縣近海)
小區域有感地震,2024/4/7 22:30,121.642,24.0285,3.7,25.5,花蓮縣政府北北東方  4.7  公里 (位於花蓮縣近海)(花蓮縣近海)
小區域有感地震,2024/4/7 22:19,121.656,24.023,3.5,27.1,花蓮縣政府東北方  5.1  公里 (位於花蓮縣近海)(花蓮縣近海)
小區域有感地震,2024/4/7 22:13,121.958,24.1573,4.2,24.1,花蓮縣政府東北東方  39.0  公里 (位於臺灣東部海域)(臺灣東部海域)
小區域有感地震,2024/4/7 21:46,121.679,24.1123,3.7,16.3,花蓮縣政府北北東方  14.7  公里 (位於花蓮縣近海)(花蓮縣近海)
小區域有感地震,2024/4/7 21:21,121.626,24.0398,3.6,24.4,花蓮縣政府北方  5.4  公里 (位於花蓮縣近海)(花蓮縣近海)
小區域有感地震,2024/4/7 20:47,121.746,24.2157,3.5,12.1,花蓮縣政府北北東方  28.0  公里 (位於花蓮縣近海)(花蓮縣近海)
小區域有感地震,2024/4/7 20:08,121.742,24.253,3.1,12.1,花蓮縣政府北北東方  31.6  公里 (位於花蓮縣近海)(花蓮縣近海)
小區域有感地震,2024/4/7 20:03,121.528,23.781,3.6,17.2,花蓮縣政府南南西方  25.1  公里 (位於花蓮縣壽豐鄉)(花蓮縣壽豐鄉)
小區域有感地震,2024/4/7 19:49,121.758,24.2408,3.1,12.4,花蓮縣政府北北東方  31.0  公里 (位於花蓮縣近海)(花蓮縣近海)
小區域有感地震,2024/4/7 19:33,121.67,24.0277,4.3,39.3,花蓮縣政府東北方  6.5  公里 (位於花蓮縣近海)(花蓮縣近海)
小區域有感地震,2024/4/7 19:27,121.704,24.2463,3.4,14.1,花蓮縣政府北北東方  29.5  公里 (位於花蓮縣秀林鄉)(花蓮縣秀林鄉)
小區域有感地震,2024/4/7 19:24,121.697,23.8335,3.4,11.4,花蓮縣政府南南東方  19.1  公里 (位於臺灣東部海域)(臺灣東部海域)
小區域有感地震,2024/4/7 19:01,121.573,24.0043,3.4,6.9,花蓮縣政府西北西方  5.0  公里 (位於花蓮縣花蓮市)(花蓮縣花蓮市)
小區域有感地震,2024/4/7 18:52,121.907,24.1937,3.8,23.2,花蓮縣政府東北方  36.8  公里 (位於臺灣東部海域)(臺灣東部海域)
173,2024/4/7 18:24,121.685,24.105,4.4,17.3,花蓮縣政府北北東方  14.3  公里 (位於花蓮縣近海)(花蓮縣近海)
小區域有感地震,2024/4/7 18:17,121.729,24.2658,3.1,15.7,花蓮縣政府北北東方  32.4  公里 (位於花蓮縣秀林鄉)(花蓮縣秀林鄉)
小區域有感地震,2024/4/7 18:15,121.719,24.2723,3.5,13.4,花蓮縣政府北北東方  32.8  公里 (位於花蓮縣秀林鄉)(花蓮縣秀林鄉)
172,2024/4/7 18:01,121.965,24.1698,5.4,16.9,花蓮縣政府東北東方  40.2  公里 (位於臺灣東部海域)(臺灣東部海域)
小區域有感地震,2024/4/7 17:49,121.848,24.216,3.9,6.4,花蓮縣政府東北方  34.0  公里 (位於臺灣東部海域)(臺灣東部海域)
小區域有感地震,2024/4/7 16:05,121.662,24.1425,3.3,16,花蓮縣政府北北東方  17.3  公里 (位於花蓮縣近海)(花蓮縣近海)
小區域有感地震,2024/4/7 15:45,121.716,24.1215,3.6,13.3,花蓮縣政府東北方  17.5  公里 (位於花蓮縣近海)(花蓮縣近海)
小區域有感地震,2024/4/7 15:43,121.534,23.8028,3.9,17.1,花蓮縣政府南南西方  22.6  公里 (位於花蓮縣壽豐鄉)(花蓮縣壽豐鄉)
小區域有感地震,2024/4/7 15:42,121.697,24.2493,3.6,13.9,花蓮縣政府北北東方  29.7  公里 (位於花蓮縣秀林鄉)(花蓮縣秀林鄉)
小區域有感地震,2024/4/7 14:10,121.75,24.1858,3.6,20.4,花蓮縣政府北北東方  25.3  公里 (位於花蓮縣近海)(花蓮縣近海)
小區域有感地震,2024/4/7 13:00,121.715,24.0577,4.2,35.6,花蓮縣政府東北方  12.1  公里 (位於花蓮縣近海)(花蓮縣近海)
171,2024/4/7 12:48,121.555,23.838,4.2,19,花蓮縣政府南南西方  18.2  公里 (位於花蓮縣壽豐鄉)(花蓮縣壽豐鄉)
170,2024/4/7 12:43,121.616,23.9667,4.5,26.5,花蓮縣政府南方  2.7  公里 (位於花蓮縣近海)(花蓮縣近海)
小區域有感地震,2024/4/7 12:21,121.769,24.2582,3.2,12.8,花蓮縣政府北北東方  33.2  公里 (位於花蓮縣近海)(花蓮縣近海)
小區域有感地震,2024/4/7 12:21,121.555,23.8085,3.6,4.3,花蓮縣政府南南西方  21.3  公里 (位於花蓮縣壽豐鄉)(花蓮縣壽豐鄉)
小區域有感地震,2024/4/7 11:45,121.545,23.7845,4,19.1,花蓮縣政府南南西方  24.1  公里 (位於花蓮縣壽豐鄉)(花蓮縣壽豐鄉)
小區域有感地震,2024/4/7 11:31,121.759,24.2482,3.2,12.1,花蓮縣政府北北東方  31.8  公里 (位於花蓮縣近海)(花蓮縣近海)
小區域有感地震,2024/4/7 10:52,121.736,24.116,3.9,29.2,花蓮縣政府東北方  18.2  公里 (位於臺灣東部海域)(臺灣東部海域)
小區域有感地震,2024/4/7 10:38,121.715,24.2437,3.2,14.9,花蓮縣政府北北東方  29.6  公里 (位於花蓮縣近海)(花蓮縣近海)
169,2024/4/7 10:06,121.755,24.2635,4.5,11.7,花蓮縣政府北北東方  33.1  公里 (位於花蓮縣近海)(花蓮縣近海)
小區域有感地震,2024/4/7 09:55,121.555,23.9445,3,11.1,花蓮縣政府西南方  8.4  公里 (位於花蓮縣吉安鄉)(花蓮縣吉安鄉)
小區域有感地震,2024/4/7 09:55,121.704,24.2465,3.1,13.9,花蓮縣政府北北東方  29.6  公里 (位於花蓮縣秀林鄉)(花蓮縣秀林鄉)
小區域有感地震,2024/4/7 09:44,121.57,23.9343,3.5,7.2,花蓮縣政府西南方  8.1  公里 (位於花蓮縣吉安鄉)(花蓮縣吉安鄉)
小區域有感地震,2024/4/7 08:45,121.575,23.8673,3.6,9.4,花蓮縣政府南南西方  14.4  公里 (位於花蓮縣壽豐鄉)(花蓮縣壽豐鄉)
小區域有感地震,2024/4/7 08:40,121.696,24.1322,3.6,12.4,花蓮縣政府北北東方  17.4  公里 (位於花蓮縣近海)(花蓮縣近海)
小區域有感地震,2024/4/7 08:36,121.569,23.9293,3.8,8.2,花蓮縣政府西南方  8.6  公里 (位於花蓮縣吉安鄉)(花蓮縣吉安鄉)
小區域有感地震,2024/4/7 06:52,121.841,24.2,3.5,21.5,花蓮縣政府東北方  32.2  公里 (位於臺灣東部海域)(臺灣東部海域)
小區域有感地震,2024/4/7 06:42,121.583,24.058,3.4,6.4,花蓮縣政府北北西方  8.3  公里 (位於花蓮縣秀林鄉)(花蓮縣秀林鄉)
小區域有感地震,2024/4/7 06:41,121.772,24.213,3.6,9.4,花蓮縣政府東北方  29.0  公里 (位於臺灣東部海域)(臺灣東部海域)
168,2024/4/7 06:30,121.587,24.0573,4,5.9,花蓮縣政府北北西方  8.1  公里 (位於花蓮縣秀林鄉)(花蓮縣秀林鄉)
小區域有感地震,2024/4/7 06:02,121.586,24.0577,3.4,6,花蓮縣政府北北西方  8.2  公里 (位於花蓮縣秀林鄉)(花蓮縣秀林鄉)
167,2024/4/7 05:50,121.699,24.2503,4.1,13.1,花蓮縣政府北北東方  29.8  公里 (位於花蓮縣秀林鄉)(花蓮縣秀林鄉)
小區域有感地震,2024/4/7 05:45,121.699,24.2482,3.4,14.3,花蓮縣政府北北東方  29.6  公里 (位於花蓮縣秀林鄉)(花蓮縣秀林鄉)
小區域有感地震,2024/4/7 05:42,121.633,24.1083,3,6.7,花蓮縣政府北方  13.1  公里 (位於花蓮縣新城鄉)(花蓮縣新城鄉)
小區域有感地震,2024/4/7 05:25,121.738,24.2565,3.6,12.3,花蓮縣政府北北東方  31.8  公里 (位於花蓮縣近海)(花蓮縣近海)
小區域有感地震,2024/4/7 05:24,121.757,24.261,4.1,10.6,花蓮縣政府北北東方  33.0  公里 (位於花蓮縣近海)(花蓮縣近海)
166,2024/4/7 05:15,121.714,24.0403,5.1,13.8,花蓮縣政府東北東方  11.0  公里 (位於花蓮縣近海)(花蓮縣近海)
小區域有感地震,2024/4/7 04:28,121.557,23.8592,3.3,7.9,花蓮縣政府南南西方  15.9  公里 (位於花蓮縣壽豐鄉)(花蓮縣壽豐鄉)
小區域有感地震,2024/4/7 03:57,121.702,24.0258,3.3,25.5,花蓮縣政府東北東方  9.2  公里 (位於花蓮縣近海)(花蓮縣近海)
小區域有感地震,2024/4/7 03:46,121.776,24.1962,3.6,7.2,花蓮縣政府東北方  27.7  公里 (位於臺灣東部海域)(臺灣東部海域)
小區域有感地震,2024/4/7 01:56,121.749,24.2678,3.7,11.7,花蓮縣政府北北東方  33.4  公里 (位於花蓮縣近海)(花蓮縣近海)
小區域有感地震,2024/4/7 01:49,121.589,23.9638,3.6,27.1,花蓮縣政府西南方  4.3  公里 (位於花蓮縣吉安鄉)(花蓮縣吉安鄉)
小區域有感地震,2024/4/7 01:48,121.759,24.2772,3.7,14.2,花蓮縣政府北北東方  34.7  公里 (位於花蓮縣近海)(花蓮縣近海)
小區域有感地震,2024/4/7 01:48,121.759,24.261,3.2,12.8,花蓮縣政府北北東方  33.1  公里 (位於花蓮縣近海)(花蓮縣近海)
小區域有感地震,2024/4/7 01:37,121.646,24.2003,3.5,27.3,花蓮縣政府北方  23.3  公里 (位於花蓮縣秀林鄉)(花蓮縣秀林鄉)
小區域有感地震,2024/4/7 00:40,121.769,24.2765,3.8,11.7,花蓮縣政府北北東方  35.1  公里 (位於花蓮縣近海)(花蓮縣近海)
小區域有感地震,2024/4/7 00:19,121.599,24.0537,3.4,6.3,花蓮縣政府北北西方  7.3  公里 (位於花蓮縣新城鄉)(花蓮縣新城鄉)
小區域有感地震,2024/4/7 00:05,121.739,24.2408,3.2,14.1,花蓮縣政府北北東方  30.2  公里 (位於花蓮縣近海)(花蓮縣近海)
165,2024/4/7 00:03,121.753,24.2258,4.1,13.3,花蓮縣政府北北東方  29.3  公里 (位於花蓮縣近海)(花蓮縣近海)
小區域有感地震,2024/4/6 23:53,121.738,24.2695,3.8,12.6,花蓮縣政府北北東方  33.1  公里 (位於花蓮縣近海)(花蓮縣近海)
164,2024/4/6 23:53,121.855,24.1885,4.7,21.9,花蓮縣政府東北方  32.4  公里 (位於臺灣東部海域)(臺灣東部海域)
163,2024/4/6 23:46,121.751,24.2627,4,10.9,花蓮縣政府北北東方  32.9  公里 (位於花蓮縣近海)(花蓮縣近海)
小區域有感地震,2024/4/6 23:45,121.769,24.263,3.9,11.9,花蓮縣政府北北東方  33.7  公里 (位於花蓮縣近海)(花蓮縣近海)
小區域有感地震,2024/4/6 23:43,121.762,24.2622,3.4,15.3,花蓮縣政府北北東方  33.3  公里 (位於花蓮縣近海)(花蓮縣近海)
162,2024/4/6 23:43,121.754,24.2735,4.3,11.2,花蓮縣政府北北東方  34.1  公里 (位於花蓮縣近海)(花蓮縣近海)
小區域有感地震,2024/4/6 23:11,121.536,23.8537,3.1,9.1,花蓮縣政府南南西方  17.4  公里 (位於花蓮縣壽豐鄉)(花蓮縣壽豐鄉)
小區域有感地震,2024/4/6 23:09,121.676,24.231,3.2,14.4,花蓮縣政府北北東方  27.2  公里 (位於花蓮縣秀林鄉)(花蓮縣秀林鄉)
小區域有感地震,2024/4/6 23:01,121.825,24.2633,3.4,21.5,花蓮縣政府東北方  36.6  公里 (位於花蓮縣近海)(花蓮縣近海)
小區域有感地震,2024/4/6 22:55,121.732,24.2383,3.2,6.5,花蓮縣政府北北東方  29.7  公里 (位於花蓮縣近海)(花蓮縣近海)
小區域有感地震,2024/4/6 22:53,121.821,24.262,3.7,24.6,花蓮縣政府東北方  36.3  公里 (位於花蓮縣近海)(花蓮縣近海)
小區域有感地震,2024/4/6 22:09,121.533,23.8547,3.3,5.3,花蓮縣政府南南西方  17.5  公里 (位於花蓮縣壽豐鄉)(花蓮縣壽豐鄉)
小區域有感地震,2024/4/6 22:02,121.606,23.9468,3.7,24,花蓮縣政府南南西方  5.1  公里 (位於花蓮縣近海)(花蓮縣近海)
小區域有感地震,2024/4/6 21:35,121.739,24.2293,3.2,10.9,花蓮縣政府北北東方  29.0  公里 (位於花蓮縣近海)(花蓮縣近海)
小區域有感地震,2024/4/6 21:31,121.744,24.2382,3.6,12,花蓮縣政府北北東方  30.1  公里 (位於花蓮縣近海)(花蓮縣近海)
小區域有感地震,2024/4/6 21:29,121.78,24.1693,3.2,6.1,花蓮縣政府東北方  25.6  公里 (位於臺灣東部海域)(臺灣東部海域)
小區域有感地震,2024/4/6 21:22,121.866,24.209,3.8,25.4,花蓮縣政府東北方  34.8  公里 (位於臺灣東部海域)(臺灣東部海域)
小區域有感地震,2024/4/6 21:19,121.761,24.2337,4,13.4,花蓮縣政府北北東方  30.4  公里 (位於花蓮縣近海)(花蓮縣近海)
161,2024/4/6 21:17,121.742,24.24,4.7,10.5,花蓮縣政府北北東方  30.3  公里 (位於花蓮縣近海)(花蓮縣近海)
小區域有感地震,2024/4/6 20:43,121.639,23.885,3.7,30.2,花蓮縣政府南方  11.9  公里 (位於花蓮縣近海)(花蓮縣近海)
小區域有感地震,2024/4/6 20:39,121.75,24.25,3.4,11.2,花蓮縣政府北北東方  31.6  公里 (位於花蓮縣近海)(花蓮縣近海)
小區域有感地震,2024/4/6 20:32,121.763,24.1163,3.6,29,花蓮縣政府東北方  20.1  公里 (位於臺灣東部海域)(臺灣東部海域)
小區域有感地震,2024/4/6 19:53,121.863,24.2563,3.9,17.7,花蓮縣政府東北方  38.4  公里 (位於臺灣東部海域)(臺灣東部海域)
小區域有感地震,2024/4/6 19:33,121.504,23.8625,3.8,6.1,花蓮縣政府西南方  18.5  公里 (位於花蓮縣壽豐鄉)(花蓮縣壽豐鄉)
小區域有感地震,2024/4/6 19:29,121.739,24.2622,3.7,10.9,花蓮縣政府北北東方  32.4  公里 (位於花蓮縣近海)(花蓮縣近海)
小區域有感地震,2024/4/6 19:25,121.76,24.2495,3.5,12.6,花蓮縣政府北北東方  31.9  公里 (位於花蓮縣近海)(花蓮縣近海)
小區域有感地震,2024/4/6 19:15,121.755,24.2507,3.1,11.8,花蓮縣政府北北東方  31.9  公里 (位於花蓮縣近海)(花蓮縣近海)
小區域有感地震,2024/4/6 19:14,121.742,24.2515,3.2,11.2,花蓮縣政府北北東方  31.4  公里 (位於花蓮縣近海)(花蓮縣近海)
小區域有感地震,2024/4/6 18:50,121.566,23.8627,3.1,5.2,花蓮縣政府南南西方  15.2  公里 (位於花蓮縣壽豐鄉)(花蓮縣壽豐鄉)
小區域有感地震,2024/4/6 18:49,121.535,23.868,4,7.8,花蓮縣政府西南方  16.1  公里 (位於花蓮縣壽豐鄉)(花蓮縣壽豐鄉)
160,2024/4/6 18:47,121.713,23.9185,5.3,25.1,花蓮縣政府東南方  12.4  公里 (位於臺灣東部海域)(臺灣東部海域)
小區域有感地震,2024/4/6 18:41,121.602,24.0545,3.7,6.9,花蓮縣政府北北西方  7.3  公里 (位於花蓮縣新城鄉)(花蓮縣新城鄉)
小區域有感地震,2024/4/6 18:08,121.758,24.2357,3.1,12.9,花蓮縣政府北北東方  30.5  公里 (位於花蓮縣近海)(花蓮縣近海)
小區域有感地震,2024/4/6 17:33,121.723,24.1917,3.6,19,花蓮縣政府北北東方  24.6  公里 (位於花蓮縣近海)(花蓮縣近海)
小區域有感地震,2024/4/6 17:18,121.735,24.1865,3.5,18.7,花蓮縣政府北北東方  24.6  公里 (位於花蓮縣近海)(花蓮縣近海)
小區域有感地震,2024/4/6 17:14,121.729,24.2508,3.8,10.1,花蓮縣政府北北東方  30.8  公里 (位於花蓮縣近海)(花蓮縣近海)
159,2024/4/6 17:07,121.738,24.2492,4.1,10.9,花蓮縣政府北北東方  31.0  公里 (位於花蓮縣近海)(花蓮縣近海)
小區域有感地震,2024/4/6 16:17,121.711,24.1258,3.4,18.1,花蓮縣政府東北方  17.6  公里 (位於花蓮縣近海)(花蓮縣近海)
小區域有感地震,2024/4/6 16:14,121.554,23.8523,3.8,8.7,花蓮縣政府南南西方  16.8  公里 (位於花蓮縣壽豐鄉)(花蓮縣壽豐鄉)
158,2024/4/6 16:10,121.556,23.8472,4.6,5.9,花蓮縣政府南南西方  17.2  公里 (位於花蓮縣壽豐鄉)(花蓮縣壽豐鄉)
小區域有感地震,2024/4/6 15:55,121.705,24.1198,3.4,16,花蓮縣政府北北東方  16.7  公里 (位於花蓮縣近海)(花蓮縣近海)
157,2024/4/6 15:53,121.705,24.123,4.1,16.9,花蓮縣政府北北東方  17.0  公里 (位於花蓮縣近海)(花蓮縣近海)
小區域有感地震,2024/4/6 14:52,121.609,23.8603,4.5,31.6,花蓮縣政府南方  14.5  公里 (位於花蓮縣近海)(花蓮縣近海)
小區域有感地震,2024/4/6 14:39,121.711,24.1095,3.3,5.9,花蓮縣政府東北方  16.1  公里 (位於花蓮縣近海)(花蓮縣近海)
156,2024/4/6 14:02,121.748,23.9523,4.6,23.1,花蓮縣政府東南東方  13.7  公里 (位於臺灣東部海域)(臺灣東部海域)
小區域有感地震,2024/4/6 13:48,121.516,23.7613,3.1,7.2,花蓮縣政府南南西方  27.5  公里 (位於花蓮縣壽豐鄉)(花蓮縣壽豐鄉)
155,2024/4/6 13:25,121.734,24.1837,4.2,20.5,花蓮縣政府北北東方  24.3  公里 (位於花蓮縣近海)(花蓮縣近海)
小區域有感地震,2024/4/6 12:37,121.818,24.2623,3.4,22,花蓮縣政府東北方  36.2  公里 (位於花蓮縣近海)(花蓮縣近海)
小區域有感地震,2024/4/6 12:30,121.727,24.2085,3.3,16.5,花蓮縣政府北北東方  26.4  公里 (位於花蓮縣近海)(花蓮縣近海)
小區域有感地震,2024/4/6 12:00,121.725,24.1813,3.5,18.9,花蓮縣政府北北東方  23.6  公里 (位於花蓮縣近海)(花蓮縣近海)
154,2024/4/6 11:52,121.727,24.1898,5.2,16.3,花蓮縣政府北北東方  24.6  公里 (位於花蓮縣近海)(花蓮縣近海)
小區域有感地震,2024/4/6 11:50,121.671,24.1672,4.2,16.7,花蓮縣政府北北東方  20.2  公里 (位於花蓮縣近海)(花蓮縣近海)
小區域有感地震,2024/4/6 11:33,121.739,24.2172,3.5,13.3,花蓮縣政府北北東方  27.8  公里 (位於花蓮縣近海)(花蓮縣近海)
小區域有感地震,2024/4/6 11:20,121.693,24.21,3.3,11.3,花蓮縣政府北北東方  25.4  公里 (位於花蓮縣近海)(花蓮縣近海)
小區域有感地震,2024/4/6 10:56,121.62,23.9583,4,25.3,花蓮縣政府南方  3.6  公里 (位於花蓮縣近海)(花蓮縣近海)
小區域有感地震,2024/4/6 10:07,121.664,23.9213,3.8,31,花蓮縣政府南南東方  8.9  公里 (位於花蓮縣近海)(花蓮縣近海)
小區域有感地震,2024/4/6 09:42,121.983,24.2703,3.7,9.5,花蓮縣政府東北方  48.2  公里 (位於臺灣東部海域)(臺灣東部海域)
小區域有感地震,2024/4/6 09:37,122.037,23.6893,4.8,11.8,花蓮縣政府東南方  54.0  公里 (位於臺灣東部海域)(臺灣東部海域)
小區域有感地震,2024/4/6 09:34,121.682,24.1257,3.8,6.4,花蓮縣政府北北東方  16.2  公里 (位於花蓮縣近海)(花蓮縣近海)
小區域有感地震,2024/4/6 09:33,121.668,24.1275,3.9,5,花蓮縣政府北北東方  15.9  公里 (位於花蓮縣近海)(花蓮縣近海)
小區域有感地震,2024/4/6 09:31,121.769,24.2522,3.3,15.3,花蓮縣政府北北東方  32.7  公里 (位於花蓮縣近海)(花蓮縣近海)
小區域有感地震,2024/4/6 09:26,121.782,24.2453,3.3,16.3,花蓮縣政府北北東方  32.6  公里 (位於花蓮縣近海)(花蓮縣近海)
小區域有感地震,2024/4/6 08:48,121.825,24.2442,3.4,18.8,花蓮縣政府東北方  34.9  公里 (位於臺灣東部海域)(臺灣東部海域)
小區域有感地震,2024/4/6 08:46,121.768,24.2317,3.4,14.7,花蓮縣政府北北東方  30.6  公里 (位於花蓮縣近海)(花蓮縣近海)
小區域有感地震,2024/4/6 08:45,121.776,24.2288,3.5,15.2,花蓮縣政府北北東方  30.7  公里 (位於花蓮縣近海)(花蓮縣近海)
小區域有感地震,2024/4/6 08:37,121.757,24.2335,3.5,13.8,花蓮縣政府北北東方  30.2  公里 (位於花蓮縣近海)(花蓮縣近海)
小區域有感地震,2024/4/6 08:18,121.747,24.239,3.8,15.4,花蓮縣政府北北東方  30.4  公里 (位於花蓮縣近海)(花蓮縣近海)
小區域有感地震,2024/4/6 07:54,121.696,24.1178,3.6,7.1,花蓮縣政府北北東方  16.0  公里 (位於花蓮縣近海)(花蓮縣近海)
小區域有感地震,2024/4/6 07:42,121.696,24.12,3.5,6.3,花蓮縣政府北北東方  16.3  公里 (位於花蓮縣近海)(花蓮縣近海)
153,2024/4/6 06:53,121.711,24.1157,4.1,17.2,花蓮縣政府東北方  16.6  公里 (位於花蓮縣近海)(花蓮縣近海)
小區域有感地震,2024/4/6 06:33,121.724,24.1837,3.6,6.8,花蓮縣政府北北東方  23.8  公里 (位於花蓮縣近海)(花蓮縣近海)
小區域有感地震,2024/4/6 05:58,121.713,24.2727,3.9,13.3,花蓮縣政府北北東方  32.6  公里 (位於花蓮縣秀林鄉)(花蓮縣秀林鄉)
小區域有感地震,2024/4/6 05:46,121.73,24.2653,3.1,15,花蓮縣政府北北東方  32.4  公里 (位於花蓮縣秀林鄉)(花蓮縣秀林鄉)
小區域有感地震,2024/4/6 05:38,121.715,24.1672,3.5,10.8,花蓮縣政府北北東方  21.7  公里 (位於花蓮縣近海)(花蓮縣近海)
小區域有感地震,2024/4/6 05:34,121.647,24.0337,4.4,25.5,花蓮縣政府北北東方  5.4  公里 (位於花蓮縣近海)(花蓮縣近海)
小區域有感地震,2024/4/6 05:33,121.666,23.9872,3.1,15.9,花蓮縣政府東方  4.7  公里 (位於花蓮縣近海)(花蓮縣近海)
小區域有感地震,2024/4/6 05:07,121.667,24.1732,3.4,15.4,花蓮縣政府北北東方  20.7  公里 (位於花蓮縣近海)(花蓮縣近海)
小區域有感地震,2024/4/6 05:03,121.752,24.2258,3.1,14.8,花蓮縣政府北北東方  29.3  公里 (位於花蓮縣近海)(花蓮縣近海)
小區域有感地震,2024/4/6 04:52,121.665,24.0517,3.5,25.8,花蓮縣政府東北方  8.1  公里 (位於花蓮縣近海)(花蓮縣近海)
小區域有感地震,2024/4/6 04:36,121.654,23.9823,3.9,37.8,花蓮縣政府東南東方  3.6  公里 (位於花蓮縣近海)(花蓮縣近海)
152,2024/4/6 04:26,121.746,23.9472,5.3,10.3,花蓮縣政府東南東方  13.7  公里 (位於臺灣東部海域)(臺灣東部海域)
151,2024/4/6 04:12,121.711,24.1318,4.4,16.2,花蓮縣政府北北東方  18.2  公里 (位於花蓮縣近海)(花蓮縣近海)
小區域有感地震,2024/4/6 03:51,121.737,24.1603,3.4,9.6,花蓮縣政府東北方  22.2  公里 (位於花蓮縣近海)(花蓮縣近海)
小區域有感地震,2024/4/6 03:48,121.735,24.1695,4.2,7.9,花蓮縣政府北北東方  22.9  公里 (位於花蓮縣近海)(花蓮縣近海)
小區域有感地震,2024/4/6 02:49,121.922,23.8912,4.6,7.9,花蓮縣政府東南東方  32.7  公里 (位於臺灣東部海域)(臺灣東部海域)
小區域有感地震,2024/4/6 02:39,121.701,24.1218,3.5,13.7,花蓮縣政府北北東方  16.7  公里 (位於花蓮縣近海)(花蓮縣近海)
小區域有感地震,2024/4/6 01:59,121.734,24.1867,3.2,15.4,花蓮縣政府北北東方  24.6  公里 (位於花蓮縣近海)(花蓮縣近海)
小區域有感地震,2024/4/6 01:46,121.665,24.1658,3.9,25.6,花蓮縣政府北北東方  19.9  公里 (位於花蓮縣近海)(花蓮縣近海)
150,2024/4/6 01:17,121.639,24.0465,4,14.9,花蓮縣政府北北東方  6.4  公里 (位於花蓮縣近海)(花蓮縣近海)
小區域有感地震,2024/4/6 00:55,121.747,24.2115,3,11.5,花蓮縣政府北北東方  27.6  公里 (位於花蓮縣近海)(花蓮縣近海)
小區域有感地震,2024/4/6 00:54,121.725,24.1982,3.1,17.5,花蓮縣政府北北東方  25.3  公里 (位於花蓮縣近海)(花蓮縣近海)
小區域有感地震,2024/4/6 00:40,121.862,24.2707,3.6,10.3,花蓮縣政府東北方  39.6  公里 (位於臺灣東部海域)(臺灣東部海域)
小區域有感地震,2024/4/6 00:22,121.787,24.1662,4.3,3.6,花蓮縣政府東北方  25.8  公里 (位於臺灣東部海域)(臺灣東部海域)
149,2024/4/6 00:19,121.753,24.2138,4.2,12.8,花蓮縣政府北北東方  28.1  公里 (位於花蓮縣近海)(花蓮縣近海)
小區域有感地震,2024/4/6 00:17,121.763,24.2455,3.6,8.8,花蓮縣政府北北東方  31.7  公里 (位於花蓮縣近海)(花蓮縣近海)
148,2024/4/6 00:14,121.814,24.0615,4.2,23.6,花蓮縣政府東北東方  21.2  公里 (位於臺灣東部海域)(臺灣東部海域)
小區域有感地震,2024/4/6 00:09,121.705,24.117,3.8,15.6,花蓮縣政府東北方  16.4  公里 (位於花蓮縣近海)(花蓮縣近海)
小區域有感地震,2024/4/5 23:55,121.732,24.2195,3.4,16.2,花蓮縣政府北北東方  27.7  公里 (位於花蓮縣近海)(花蓮縣近海)
小區域有感地震,2024/4/5 23:46,121.672,24.1342,3.7,5,花蓮縣政府北北東方  16.7  公里 (位於花蓮縣近海)(花蓮縣近海)
小區域有感地震,2024/4/5 23:41,121.742,24.2193,3.3,12.5,花蓮縣政府北北東方  28.1  公里 (位於花蓮縣近海)(花蓮縣近海)
小區域有感地震,2024/4/5 23:23,121.368,23.23,3.9,17,臺東縣政府北北東方  57.1  公里 (位於臺東縣長濱鄉)(臺東縣長濱鄉)
小區域有感地震,2024/4/5 23:20,121.779,24.2298,3.7,17.6,花蓮縣政府北北東方  31.0  公里 (位於花蓮縣近海)(花蓮縣近海)
小區域有感地震,2024/4/5 23:19,121.766,24.2352,3.6,17,花蓮縣政府北北東方  30.8  公里 (位於花蓮縣近海)(花蓮縣近海)
小區域有感地震,2024/4/5 23:14,121.524,23.8575,3.3,12.5,花蓮縣政府西南方  17.8  公里 (位於花蓮縣壽豐鄉)(花蓮縣壽豐鄉)
小區域有感地震,2024/4/5 23:06,121.732,24.233,3.4,11.1,花蓮縣政府北北東方  29.1  公里 (位於花蓮縣近海)(花蓮縣近海)
小區域有感地震,2024/4/5 23:02,121.758,24.2342,3.3,15.5,花蓮縣政府北北東方  30.4  公里 (位於花蓮縣近海)(花蓮縣近海)
147,2024/4/5 23:00,121.776,24.206,4.7,5,花蓮縣政府東北方  28.6  公里 (位於臺灣東部海域)(臺灣東部海域)
小區域有感地震,2024/4/5 23:00,121.753,24.2355,3.7,16,花蓮縣政府北北東方  30.3  公里 (位於花蓮縣近海)(花蓮縣近海)
小區域有感地震,2024/4/5 22:46,121.744,24.2372,3.6,15,花蓮縣政府北北東方  30.0  公里 (位於花蓮縣近海)(花蓮縣近海)
小區域有感地震,2024/4/5 22:35,121.74,24.2313,3.5,11.7,花蓮縣政府北北東方  29.3  公里 (位於花蓮縣近海)(花蓮縣近海)
小區域有感地震,2024/4/5 22:11,121.629,24.117,3.7,16.8,花蓮縣政府北方  14.0  公里 (位於花蓮縣秀林鄉)(花蓮縣秀林鄉)
小區域有感地震,2024/4/5 22:11,121.78,24.2535,3.4,17.3,花蓮縣政府北北東方  33.3  公里 (位於花蓮縣近海)(花蓮縣近海)
小區域有感地震,2024/4/5 21:44,121.584,23.962,3.5,12.8,花蓮縣政府西南方  4.9  公里 (位於花蓮縣吉安鄉)(花蓮縣吉安鄉)
小區域有感地震,2024/4/5 21:39,121.832,24.2805,3.2,11.2,花蓮縣政府東北方  38.6  公里 (位於花蓮縣近海)(花蓮縣近海)
146,2024/4/5 21:34,121.718,24.1218,4,14.6,花蓮縣政府東北方  17.6  公里 (位於花蓮縣近海)(花蓮縣近海)
小區域有感地震,2024/4/5 21:26,121.683,24.1692,3.8,6.8,花蓮縣政府北北東方  20.7  公里 (位於花蓮縣近海)(花蓮縣近海)
小區域有感地震,2024/4/5 21:24,121.73,24.1943,3.5,13,花蓮縣政府北北東方  25.1  公里 (位於花蓮縣近海)(花蓮縣近海)
小區域有感地震,2024/4/5 21:04,121.765,24.2427,3.3,17.4,花蓮縣政府北北東方  31.5  公里 (位於花蓮縣近海)(花蓮縣近海)
小區域有感地震,2024/4/5 21:01,121.767,24.2355,3.8,17.3,花蓮縣政府北北東方  30.9  公里 (位於花蓮縣近海)(花蓮縣近海)
145,2024/4/5 20:59,121.761,24.2372,4.4,15.6,花蓮縣政府北北東方  30.8  公里 (位於花蓮縣近海)(花蓮縣近海)
小區域有感地震,2024/4/5 20:48,121.807,24.2298,3.5,16.6,花蓮縣政府東北方  32.5  公里 (位於臺灣東部海域)(臺灣東部海域)
小區域有感地震,2024/4/5 20:16,121.648,23.8095,3.7,33.5,花蓮縣政府南方  20.3  公里 (位於花蓮縣近海)(花蓮縣近海)
小區域有感地震,2024/4/5 20:14,121.699,24.1233,3.7,15.3,花蓮縣政府北北東方  16.7  公里 (位於花蓮縣近海)(花蓮縣近海)
小區域有感地震,2024/4/5 20:14,121.784,24.1998,3.5,5.3,花蓮縣政府東北方  28.5  公里 (位於臺灣東部海域)(臺灣東部海域)
小區域有感地震,2024/4/5 19:51,121.698,24.1393,3.8,17.6,花蓮縣政府北北東方  18.2  公里 (位於花蓮縣近海)(花蓮縣近海)
小區域有感地震,2024/4/5 19:51,121.616,24.0878,3.5,5.9,花蓮縣政府北方  10.7  公里 (位於花蓮縣近海)(花蓮縣近海)
小區域有感地震,2024/4/5 19:44,121.575,24.1795,3.7,20.4,花蓮縣政府北北西方  21.4  公里 (位於花蓮縣秀林鄉)(花蓮縣秀林鄉)
小區域有感地震,2024/4/5 19:44,121.676,24.1803,3.7,14,花蓮縣政府北北東方  21.7  公里 (位於花蓮縣近海)(花蓮縣近海)
小區域有感地震,2024/4/5 19:21,121.668,24.1388,3.9,5.9,花蓮縣政府北北東方  17.1  公里 (位於花蓮縣近海)(花蓮縣近海)
小區域有感地震,2024/4/5 18:47,121.615,24.0858,3.2,6.8,花蓮縣政府北方  10.5  公里 (位於花蓮縣新城鄉)(花蓮縣新城鄉)
小區域有感地震,2024/4/5 18:42,121.746,24.2165,3.5,13.4,花蓮縣政府北北東方  28.1  公里 (位於花蓮縣近海)(花蓮縣近海)
小區域有感地震,2024/4/5 18:25,121.902,24.2272,3.9,9.4,花蓮縣政府東北方  38.8  公里 (位於臺灣東部海域)(臺灣東部海域)
144,2024/4/5 18:08,121.68,24.1277,4.1,12.7,花蓮縣政府北北東方  16.3  公里 (位於花蓮縣近海)(花蓮縣近海)
143,2024/4/5 17:53,121.763,24.2177,4.1,14.5,花蓮縣政府北北東方  29.0  公里 (位於花蓮縣近海)(花蓮縣近海)
小區域有感地震,2024/4/5 17:39,121.744,24.3117,3.1,14.6,花蓮縣政府北北東方  37.7  公里 (位於花蓮縣秀林鄉)(花蓮縣秀林鄉)
小區域有感地震,2024/4/5 17:16,121.795,24.0645,4.1,9.1,花蓮縣政府東北東方  19.5  公里 (位於臺灣東部海域)(臺灣東部海域)
小區域有感地震,2024/4/5 17:15,121.569,23.8037,3.2,8,花蓮縣政府南南西方  21.4  公里 (位於花蓮縣近海)(花蓮縣近海)
142,2024/4/5 17:04,121.656,24.026,4.5,29.6,花蓮縣政府東北方  5.3  公里 (位於花蓮縣近海)(花蓮縣近海)
小區域有感地震,2024/4/5 15:58,121.594,24.0932,3.6,7.4,花蓮縣政府北北西方  11.6  公里 (位於花蓮縣秀林鄉)(花蓮縣秀林鄉)
小區域有感地震,2024/4/5 15:49,121.76,24.2578,3.2,5,花蓮縣政府北北東方  32.8  公里 (位於花蓮縣近海)(花蓮縣近海)
小區域有感地震,2024/4/5 15:30,121.629,24.0727,3.9,10.6,花蓮縣政府北方  9.1  公里 (位於花蓮縣近海)(花蓮縣近海)
小區域有感地震,2024/4/5 15:07,121.678,24.1045,3.6,14.6,花蓮縣政府北北東方  13.9  公里 (位於花蓮縣近海)(花蓮縣近海)
小區域有感地震,2024/4/5 14:50,121.761,24.2263,3.6,12.6,花蓮縣政府北北東方  29.7  公里 (位於花蓮縣近海)(花蓮縣近海)
小區域有感地震,2024/4/5 14:32,121.696,24.1022,3.3,14.4,花蓮縣政府東北方  14.5  公里 (位於花蓮縣近海)(花蓮縣近海)
141,2024/4/5 14:16,121.685,24.1357,4.5,17.6,花蓮縣政府北北東方  17.3  公里 (位於花蓮縣近海)(花蓮縣近海)
140,2024/4/5 14:12,121.591,23.7993,5.1,10,花蓮縣政府南方  21.4  公里 (位於花蓮縣近海)(花蓮縣近海)
小區域有感地震,2024/4/5 13:53,121.696,24.0957,3.3,16.9,花蓮縣政府東北方  13.9  公里 (位於花蓮縣近海)(花蓮縣近海)
小區域有感地震,2024/4/5 13:50,121.867,24.2017,3.8,24.6,花蓮縣政府東北方  34.3  公里 (位於臺灣東部海域)(臺灣東部海域)
小區域有感地震,2024/4/5 13:40,121.777,24.1908,3.3,19.8,花蓮縣政府東北方  27.3  公里 (位於臺灣東部海域)(臺灣東部海域)
小區域有感地震,2024/4/5 13:27,121.71,24.1163,3.5,17.3,花蓮縣政府東北方  16.6  公里 (位於花蓮縣近海)(花蓮縣近海)
小區域有感地震,2024/4/5 13:18,121.501,23.7538,3.6,15.6,花蓮縣政府南南西方  28.9  公里 (位於花蓮縣鳳林鎮)(花蓮縣鳳林鎮)
小區域有感地震,2024/4/5 13:03,121.71,24.1148,4,16.4,花蓮縣政府東北方  16.5  公里 (位於花蓮縣近海)(花蓮縣近海)
139,2024/4/5 13:02,121.692,24.1305,4.1,16.1,花蓮縣政府北北東方  17.1  公里 (位於花蓮縣近海)(花蓮縣近海)
小區域有感地震,2024/4/5 12:57,121.689,24.089,3.4,14.8,花蓮縣政府東北方  12.9  公里 (位於花蓮縣近海)(花蓮縣近海)
小區域有感地震,2024/4/5 12:51,121.688,24.112,4.1,17,花蓮縣政府北北東方  15.1  公里 (位於花蓮縣近海)(花蓮縣近海)
138,2024/4/5 12:50,121.682,24.1305,5.4,8.3,花蓮縣政府北北東方  16.7  公里 (位於花蓮縣近海)(花蓮縣近海)
小區域有感地震,2024/4/5 12:43,121.785,24.1703,3.5,14.4,花蓮縣政府東北方  26.0  公里 (位於臺灣東部海域)(臺灣東部海域)
137,2024/4/5 12:40,121.756,24.2055,4.7,8.6,花蓮縣政府北北東方  27.5  公里 (位於花蓮縣近海)(花蓮縣近海)
136,2024/4/5 12:36,121.752,24.2213,4,13.7,花蓮縣政府北北東方  28.8  公里 (位於花蓮縣近海)(花蓮縣近海)
小區域有感地震,2024/4/5 12:35,121.532,23.8982,3.1,10.6,花蓮縣政府西南方  13.6  公里 (位於花蓮縣壽豐鄉)(花蓮縣壽豐鄉)
小區域有感地震,2024/4/5 12:08,121.738,24.2405,3.4,13.3,花蓮縣政府北北東方  30.1  公里 (位於花蓮縣近海)(花蓮縣近海)
小區域有感地震,2024/4/5 12:04,121.732,24.1325,3.5,17.1,花蓮縣政府東北方  19.4  公里 (位於花蓮縣近海)(花蓮縣近海)
小區域有感地震,2024/4/5 11:47,121.529,23.7793,4,17.9,花蓮縣政府南南西方  25.2  公里 (位於花蓮縣壽豐鄉)(花蓮縣壽豐鄉)
小區域有感地震,2024/4/5 11:41,121.672,24.0428,4,38.8,花蓮縣政府東北方  7.8  公里 (位於花蓮縣近海)(花蓮縣近海)
小區域有感地震,2024/4/5 11:39,121.749,24.2302,3.7,12.6,花蓮縣政府北北東方  29.5  公里 (位於花蓮縣近海)(花蓮縣近海)
135,2024/4/5 10:10,121.587,23.925,4.2,6.8,花蓮縣政府南南西方  8.0  公里 (位於花蓮縣吉安鄉)(花蓮縣吉安鄉)
小區域有感地震,2024/4/5 10:08,121.705,24.1275,3.7,14.5,花蓮縣政府北北東方  17.4  公里 (位於花蓮縣近海)(花蓮縣近海)
小區域有感地震,2024/4/5 10:01,121.739,24.2777,3.2,14.9,花蓮縣政府北北東方  34.0  公里 (位於花蓮縣秀林鄉)(花蓮縣秀林鄉)
小區域有感地震,2024/4/5 09:53,121.802,24.063,4,24,花蓮縣政府東北東方  20.2  公里 (位於臺灣東部海域)(臺灣東部海域)
小區域有感地震,2024/4/5 09:29,121.67,24.1632,4,15.5,花蓮縣政府北北東方  19.7  公里 (位於花蓮縣近海)(花蓮縣近海)
小區域有感地震,2024/4/5 09:24,121.672,24.1703,3.7,26.6,花蓮縣政府北北東方  20.5  公里 (位於花蓮縣近海)(花蓮縣近海)
小區域有感地震,2024/4/5 09:20,121.758,24.2543,3.7,12.6,花蓮縣政府北北東方  32.4  公里 (位於花蓮縣近海)(花蓮縣近海)
134,2024/4/5 09:17,121.769,24.2478,4.1,13.8,花蓮縣政府北北東方  32.2  公里 (位於花蓮縣近海)(花蓮縣近海)
小區域有感地震,2024/4/5 09:10,121.64,24.052,3.6,23.6,花蓮縣政府北北東方  7.1  公里 (位於花蓮縣近海)(花蓮縣近海)
小區域有感地震,2024/4/5 09:02,121.825,24.3303,3.6,9.6,宜蘭縣政府南方  44.8  公里 (位於宜蘭縣近海)(宜蘭縣近海)
小區域有感地震,2024/4/5 08:42,121.663,24.1585,3.9,25.9,花蓮縣政府北北東方  19.1  公里 (位於花蓮縣近海)(花蓮縣近海)
小區域有感地震,2024/4/5 08:35,121.754,24.23,3.3,14.7,花蓮縣政府北北東方  29.8  公里 (位於花蓮縣近海)(花蓮縣近海)
小區域有感地震,2024/4/5 08:29,121.672,23.9798,3.8,36.1,花蓮縣政府東南東方  5.4  公里 (位於花蓮縣近海)(花蓮縣近海)
小區域有感地震,2024/4/5 08:17,121.744,24.226,3.6,11.3,花蓮縣政府北北東方  28.9  公里 (位於花蓮縣近海)(花蓮縣近海)
小區域有感地震,2024/4/5 07:57,121.748,24.243,3.2,11.7,花蓮縣政府北北東方  30.8  公里 (位於花蓮縣近海)(花蓮縣近海)
小區域有感地震,2024/4/5 07:34,121.574,23.7135,3.7,7.5,花蓮縣政府南方  31.1  公里 (位於花蓮縣近海)(花蓮縣近海)
小區域有感地震,2024/4/5 06:23,121.746,24.2292,3.5,12,花蓮縣政府北北東方  29.3  公里 (位於花蓮縣近海)(花蓮縣近海)
小區域有感地震,2024/4/5 06:14,121.747,24.2245,3.4,11.2,花蓮縣政府北北東方  28.9  公里 (位於花蓮縣近海)(花蓮縣近海)
小區域有感地震,2024/4/5 06:08,121.637,23.8678,3.9,38,花蓮縣政府南方  13.8  公里 (位於花蓮縣近海)(花蓮縣近海)
小區域有感地震,2024/4/5 05:54,121.65,24.176,3.8,31,花蓮縣政府北方  20.7  公里 (位於花蓮縣秀林鄉)(花蓮縣秀林鄉)
小區域有感地震,2024/4/5 05:54,121.765,24.2103,3.8,14.8,花蓮縣政府北北東方  28.4  公里 (位於花蓮縣近海)(花蓮縣近海)
小區域有感地震,2024/4/5 05:28,121.709,24.1948,3.2,6.5,花蓮縣政府北北東方  24.3  公里 (位於花蓮縣近海)(花蓮縣近海)
小區域有感地震,2024/4/5 05:20,121.75,24.2212,3.9,12.4,花蓮縣政府北北東方  28.7  公里 (位於花蓮縣近海)(花蓮縣近海)
小區域有感地震,2024/4/5 05:14,121.697,24.2367,3,12.3,花蓮縣政府北北東方  28.3  公里 (位於花蓮縣秀林鄉)(花蓮縣秀林鄉)
133,2024/4/5 05:10,121.737,24.2453,4.1,9.9,花蓮縣政府北北東方  30.6  公里 (位於花蓮縣近海)(花蓮縣近海)
小區域有感地震,2024/4/5 05:02,121.734,24.2427,3.3,10.4,花蓮縣政府北北東方  30.2  公里 (位於花蓮縣近海)(花蓮縣近海)
小區域有感地震,2024/4/5 04:30,121.673,24.1408,3.3,17.6,花蓮縣政府北北東方  17.5  公里 (位於花蓮縣近海)(花蓮縣近海)
132,2024/4/5 04:28,121.746,24.2348,4.4,10.8,花蓮縣政府北北東方  29.9  公里 (位於花蓮縣近海)(花蓮縣近海)
小區域有感地震,2024/4/5 04:21,121.752,24.2295,3.4,13.9,花蓮縣政府北北東方  29.6  公里 (位於花蓮縣近海)(花蓮縣近海)
小區域有感地震,2024/4/5 04:11,121.743,24.2388,3.7,12,花蓮縣政府北北東方  30.2  公里 (位於花蓮縣近海)(花蓮縣近海)
小區域有感地震,2024/4/5 03:55,121.864,23.8218,4.3,10.4,花蓮縣政府東南方  31.1  公里 (位於臺灣東部海域)(臺灣東部海域)
131,2024/4/5 03:48,121.748,24.2363,4.3,13.3,花蓮縣政府北北東方  30.1  公里 (位於花蓮縣近海)(花蓮縣近海)
小區域有感地震,2024/4/5 03:40,121.631,23.9638,3.4,25.1,花蓮縣政府南南東方  3.2  公里 (位於花蓮縣近海)(花蓮縣近海)
小區域有感地震,2024/4/5 03:16,121.532,23.9153,3.8,6.6,花蓮縣政府西南方  12.3  公里 (位於花蓮縣壽豐鄉)(花蓮縣壽豐鄉)
小區域有感地震,2024/4/5 03:03,121.732,24.0577,3.4,20.7,花蓮縣政府東北東方  13.6  公里 (位於臺灣東部海域)(臺灣東部海域)
小區域有感地震,2024/4/5 03:03,121.669,24.3025,3.4,9.4,花蓮縣政府北方  34.9  公里 (位於花蓮縣秀林鄉)(花蓮縣秀林鄉)
130,2024/4/5 02:42,121.9,24.2857,4.6,5,花蓮縣政府東北方  43.3  公里 (位於臺灣東部海域)(臺灣東部海域)
小區域有感地震,2024/4/5 02:36,121.8,24.2978,3.7,12.9,花蓮縣政府北北東方  38.6  公里 (位於花蓮縣近海)(花蓮縣近海)
129,2024/4/5 02:35,121.671,24.1568,5.3,31.2,花蓮縣政府北北東方  19.1  公里 (位於花蓮縣近海)(花蓮縣近海)
小區域有感地震,2024/4/5 02:34,121.728,24.2577,3.3,5,花蓮縣政府北北東方  31.5  公里 (位於花蓮縣秀林鄉)(花蓮縣秀林鄉)
小區域有感地震,2024/4/5 02:33,121.746,24.2495,3.5,11.7,花蓮縣政府北北東方  31.4  公里 (位於花蓮縣近海)(花蓮縣近海)
小區域有感地震,2024/4/5 02:19,121.762,24.2288,3.3,14.7,花蓮縣政府北北東方  30.1  公里 (位於花蓮縣近海)(花蓮縣近海)
小區域有感地震,2024/4/5 02:18,121.76,24.2253,3.4,13,花蓮縣政府北北東方  29.6  公里 (位於花蓮縣近海)(花蓮縣近海)
小區域有感地震,2024/4/5 02:07,121.751,24.2477,3.4,12,花蓮縣政府北北東方  31.4  公里 (位於花蓮縣近海)(花蓮縣近海)
小區域有感地震,2024/4/5 01:56,121.76,24.2385,3.3,13.9,花蓮縣政府北北東方  30.9  公里 (位於花蓮縣近海)(花蓮縣近海)
小區域有感地震,2024/4/5 01:55,121.699,24.1302,3.4,16.9,花蓮縣政府北北東方  17.4  公里 (位於花蓮縣近海)(花蓮縣近海)
小區域有感地震,2024/4/5 01:51,121.785,24.3037,3.3,13.5,花蓮縣政府北北東方  38.5  公里 (位於花蓮縣近海)(花蓮縣近海)
小區域有感地震,2024/4/5 01:37,121.739,24.2425,4.1,14.6,花蓮縣政府北北東方  30.3  公里 (位於花蓮縣近海)(花蓮縣近海)
小區域有感地震,2024/4/5 01:30,121.753,24.2422,3.7,14,花蓮縣政府北北東方  30.9  公里 (位於花蓮縣近海)(花蓮縣近海)
小區域有感地震,2024/4/5 01:29,121.724,24.2695,3.3,10.3,花蓮縣政府北北東方  32.6  公里 (位於花蓮縣秀林鄉)(花蓮縣秀林鄉)
小區域有感地震,2024/4/5 01:27,121.765,24.2337,3.9,13.7,花蓮縣政府北北東方  30.7  公里 (位於花蓮縣近海)(花蓮縣近海)
128,2024/4/5 01:24,121.76,24.2358,4.9,14.8,花蓮縣政府北北東方  30.6  公里 (位於花蓮縣近海)(花蓮縣近海)
127,2024/4/5 01:22,121.745,24.246,4.1,12,花蓮縣政府北北東方  31.0  公里 (位於花蓮縣近海)(花蓮縣近海)
小區域有感地震,2024/4/5 01:16,121.781,24.2363,3.5,9.5,花蓮縣政府北北東方  31.7  公里 (位於花蓮縣近海)(花蓮縣近海)
小區域有感地震,2024/4/5 01:00,121.749,24.1177,3.5,29.7,花蓮縣政府東北方  19.2  公里 (位於臺灣東部海域)(臺灣東部海域)
小區域有感地震,2024/4/5 00:56,121.75,24.2567,3.4,11.8,花蓮縣政府北北東方  32.3  公里 (位於花蓮縣近海)(花蓮縣近海)
小區域有感地震,2024/4/5 00:47,121.738,24.246,3.6,13.1,花蓮縣政府北北東方  30.7  公里 (位於花蓮縣近海)(花蓮縣近海)
小區域有感地震,2024/4/5 00:32,121.772,24.2792,3.9,10.9,花蓮縣政府北北東方  35.5  公里 (位於花蓮縣近海)(花蓮縣近海)
小區域有感地震,2024/4/5 00:25,121.749,24.2387,3.5,13.2,花蓮縣政府北北東方  30.4  公里 (位於花蓮縣近海)(花蓮縣近海)
小區域有感地震,2024/4/5 00:21,121.756,24.2337,3.5,14.7,花蓮縣政府北北東方  30.2  公里 (位於花蓮縣近海)(花蓮縣近海)
小區域有感地震,2024/4/5 00:13,121.745,24.2723,3.2,12.4,花蓮縣政府北北東方  33.7  公里 (位於花蓮縣近海)(花蓮縣近海)
小區域有感地震,2024/4/4 23:56,121.746,24.2358,3.7,5.7,花蓮縣政府北北東方  30.0  公里 (位於花蓮縣近海)(花蓮縣近海)
小區域有感地震,2024/4/4 23:39,121.515,23.8983,3.5,11.3,花蓮縣政府西南方  14.9  公里 (位於花蓮縣壽豐鄉)(花蓮縣壽豐鄉)
小區域有感地震,2024/4/4 23:19,121.763,24.239,3.6,16.6,花蓮縣政府北北東方  31.1  公里 (位於花蓮縣近海)(花蓮縣近海)
小區域有感地震,2024/4/4 23:15,121.765,24.2437,3.3,14.3,花蓮縣政府北北東方  31.6  公里 (位於花蓮縣近海)(花蓮縣近海)
小區域有感地震,2024/4/4 23:02,121.76,24.2425,3.6,13.5,花蓮縣政府北北東方  31.3  公里 (位於花蓮縣近海)(花蓮縣近海)
小區域有感地震,2024/4/4 23:00,121.728,24.2582,3.4,15.1,花蓮縣政府北北東方  31.6  公里 (位於花蓮縣秀林鄉)(花蓮縣秀林鄉)
小區域有感地震,2024/4/4 22:59,121.734,24.2557,4,13.4,花蓮縣政府北北東方  31.5  公里 (位於花蓮縣秀林鄉)(花蓮縣秀林鄉)
小區域有感地震,2024/4/4 22:56,121.76,24.248,4,13.7,花蓮縣政府北北東方  31.8  公里 (位於花蓮縣近海)(花蓮縣近海)
小區域有感地震,2024/4/4 22:54,121.757,24.258,3.5,16.5,花蓮縣政府北北東方  32.7  公里 (位於花蓮縣近海)(花蓮縣近海)
126,2024/4/4 22:53,121.747,24.2563,4.2,11,花蓮縣政府北北東方  32.1  公里 (位於花蓮縣近海)(花蓮縣近海)
小區域有感地震,2024/4/4 22:50,121.746,24.2472,3.5,13.3,花蓮縣政府北北東方  31.1  公里 (位於花蓮縣近海)(花蓮縣近海)
小區域有感地震,2024/4/4 22:49,121.742,24.244,3.2,14.3,花蓮縣政府北北東方  30.6  公里 (位於花蓮縣近海)(花蓮縣近海)
小區域有感地震,2024/4/4 22:49,121.751,24.242,3.3,14.1,花蓮縣政府北北東方  30.8  公里 (位於花蓮縣近海)(花蓮縣近海)
小區域有感地震,2024/4/4 22:47,121.702,24.2858,3.5,5,花蓮縣政府北北東方  33.7  公里 (位於花蓮縣秀林鄉)(花蓮縣秀林鄉)
小區域有感地震,2024/4/4 22:44,121.762,24.2382,3.6,12.4,花蓮縣政府北北東方  30.9  公里 (位於花蓮縣近海)(花蓮縣近海)
小區域有感地震,2024/4/4 22:40,121.738,24.2508,3.3,13.9,花蓮縣政府北北東方  31.2  公里 (位於花蓮縣近海)(花蓮縣近海)
小區域有感地震,2024/4/4 22:39,121.728,24.2215,3.5,17.8,花蓮縣政府北北東方  27.8  公里 (位於花蓮縣近海)(花蓮縣近海)
小區域有感地震,2024/4/4 22:38,121.769,24.2302,3.3,15.8,花蓮縣政府北北東方  30.5  公里 (位於花蓮縣近海)(花蓮縣近海)
小區域有感地震,2024/4/4 22:36,121.747,24.2362,3.7,14.4,花蓮縣政府北北東方  30.1  公里 (位於花蓮縣近海)(花蓮縣近海)
小區域有感地震,2024/4/4 22:34,121.747,24.2323,3.3,15,花蓮縣政府北北東方  29.7  公里 (位於花蓮縣近海)(花蓮縣近海)
小區域有感地震,2024/4/4 22:31,121.734,24.2327,3.4,16.6,花蓮縣政府北北東方  29.1  公里 (位於花蓮縣近海)(花蓮縣近海)
小區域有感地震,2024/4/4 22:31,121.757,24.2403,3.9,13.3,花蓮縣政府北北東方  30.9  公里 (位於花蓮縣近海)(花蓮縣近海)
125,2024/4/4 22:30,121.748,24.2613,5.1,10,花蓮縣政府北北東方  32.6  公里 (位於花蓮縣近海)(花蓮縣近海)
小區域有感地震,2024/4/4 22:27,121.673,24.0762,3.6,27.6,花蓮縣政府北北東方  10.8  公里 (位於花蓮縣近海)(花蓮縣近海)
小區域有感地震,2024/4/4 22:09,121.62,23.9153,4.1,26.5,花蓮縣政府南方  8.4  公里 (位於花蓮縣近海)(花蓮縣近海)
小區域有感地震,2024/4/4 22:05,121.662,24.0555,4,25.9,花蓮縣政府北北東方  8.3  公里 (位於花蓮縣近海)(花蓮縣近海)
小區域有感地震,2024/4/4 21:53,121.76,24.2962,3.2,14.6,花蓮縣政府北北東方  36.7  公里 (位於花蓮縣近海)(花蓮縣近海)
小區域有感地震,2024/4/4 21:43,121.839,24.1772,3.7,21.8,花蓮縣政府東北方  30.3  公里 (位於臺灣東部海域)(臺灣東部海域)
小區域有感地震,2024/4/4 21:35,121.699,24.172,3.6,15.8,花蓮縣政府北北東方  21.6  公里 (位於花蓮縣近海)(花蓮縣近海)
小區域有感地震,2024/4/4 21:34,121.833,24.1783,3.8,16.2,花蓮縣政府東北方  30.0  公里 (位於臺灣東部海域)(臺灣東部海域)
小區域有感地震,2024/4/4 21:24,121.659,24.127,3.7,5.8,花蓮縣政府北北東方  15.6  公里 (位於花蓮縣近海)(花蓮縣近海)
小區域有感地震,2024/4/4 21:19,121.586,23.769,3.7,6.5,花蓮縣政府南方  24.8  公里 (位於花蓮縣近海)(花蓮縣近海)
小區域有感地震,2024/4/4 21:17,121.674,24.2393,3.3,15.1,花蓮縣政府北北東方  28.0  公里 (位於花蓮縣秀林鄉)(花蓮縣秀林鄉)
小區域有感地震,2024/4/4 21:13,121.581,23.7713,3.4,5.9,花蓮縣政府南方  24.7  公里 (位於花蓮縣近海)(花蓮縣近海)
小區域有感地震,2024/4/4 21:04,121.527,23.8793,3.4,12.8,花蓮縣政府西南方  15.6  公里 (位於花蓮縣壽豐鄉)(花蓮縣壽豐鄉)
小區域有感地震,2024/4/4 20:40,121.671,24.1157,3.7,6.7,花蓮縣政府北北東方  14.8  公里 (位於花蓮縣近海)(花蓮縣近海)
小區域有感地震,2024/4/4 20:35,121.74,24.244,3.5,10.2,花蓮縣政府北北東方  30.6  公里 (位於花蓮縣近海)(花蓮縣近海)
小區域有感地震,2024/4/4 20:15,121.683,24.1663,3.4,9.1,花蓮縣政府北北東方  20.5  公里 (位於花蓮縣近海)(花蓮縣近海)
小區域有感地震,2024/4/4 19:21,121.731,24.1083,4.1,4.2,花蓮縣政府東北方  17.2  公里 (位於臺灣東部海域)(臺灣東部海域)
小區域有感地震,2024/4/4 19:10,121.703,24.1318,4.1,34.7,花蓮縣政府北北東方  17.7  公里 (位於花蓮縣近海)(花蓮縣近海)
小區域有感地震,2024/4/4 18:59,121.658,24.0138,4,36.4,花蓮縣政府東北東方  4.6  公里 (位於花蓮縣近海)(花蓮縣近海)
小區域有感地震,2024/4/4 18:42,121.664,24.0403,3.8,26.3,花蓮縣政府東北方  7.1  公里 (位於花蓮縣近海)(花蓮縣近海)
小區域有感地震,2024/4/4 18:10,121.852,24.19,4.2,19.5,花蓮縣政府東北方  32.3  公里 (位於臺灣東部海域)(臺灣東部海域)
小區域有感地震,2024/4/4 18:04,121.684,24.1135,3.1,7.3,花蓮縣政府北北東方  15.0  公里 (位於花蓮縣近海)(花蓮縣近海)
小區域有感地震,2024/4/4 18:01,121.692,24.1893,3.5,19.3,花蓮縣政府北北東方  23.2  公里 (位於花蓮縣近海)(花蓮縣近海)
小區域有感地震,2024/4/4 17:54,121.706,24.0478,3.7,20.2,花蓮縣政府東北東方  10.8  公里 (位於花蓮縣近海)(花蓮縣近海)
小區域有感地震,2024/4/4 17:46,121.783,24.2865,3.3,12.2,花蓮縣政府北北東方  36.7  公里 (位於花蓮縣近海)(花蓮縣近海)
小區域有感地震,2024/4/4 17:36,121.617,23.926,3.4,24.2,花蓮縣政府南方  7.2  公里 (位於花蓮縣近海)(花蓮縣近海)
小區域有感地震,2024/4/4 17:09,121.695,23.9193,3.7,25.1,花蓮縣政府東南方  11.0  公里 (位於花蓮縣近海)(花蓮縣近海)
小區域有感地震,2024/4/4 16:41,121.568,23.8288,4,25.2,花蓮縣政府南南西方  18.7  公里 (位於花蓮縣壽豐鄉)(花蓮縣壽豐鄉)
小區域有感地震,2024/4/4 16:06,121.695,24.1248,3.5,14.1,花蓮縣政府北北東方  16.7  公里 (位於花蓮縣近海)(花蓮縣近海)
小區域有感地震,2024/4/4 15:59,121.761,24.229,3.4,15.6,花蓮縣政府北北東方  30.0  公里 (位於花蓮縣近海)(花蓮縣近海)
小區域有感地震,2024/4/4 15:52,121.671,24.0535,4.2,26.4,花蓮縣政府東北方  8.7  公里 (位於花蓮縣近海)(花蓮縣近海)
小區域有感地震,2024/4/4 15:51,121.818,24.1692,3.4,19.9,花蓮縣政府東北方  28.2  公里 (位於臺灣東部海域)(臺灣東部海域)
小區域有感地震,2024/4/4 15:43,121.583,24.0028,3.5,22.7,花蓮縣政府西北西方  4.0  公里 (位於花蓮縣花蓮市)(花蓮縣花蓮市)
小區域有感地震,2024/4/4 15:32,121.679,24.239,3.3,14.1,花蓮縣政府北北東方  28.1  公里 (位於花蓮縣秀林鄉)(花蓮縣秀林鄉)
小區域有感地震,2024/4/4 15:27,121.763,24.2328,4,16,花蓮縣政府北北東方  30.5  公里 (位於花蓮縣近海)(花蓮縣近海)
小區域有感地震,2024/4/4 15:17,121.619,23.8167,4.3,36.3,花蓮縣政府南方  19.3  公里 (位於花蓮縣近海)(花蓮縣近海)
小區域有感地震,2024/4/4 15:17,121.757,24.2493,3.6,18.7,花蓮縣政府北北東方  31.8  公里 (位於花蓮縣近海)(花蓮縣近海)
小區域有感地震,2024/4/4 15:14,121.667,24.199,3.7,15.5,花蓮縣政府北北東方  23.5  公里 (位於花蓮縣近海)(花蓮縣近海)
小區域有感地震,2024/4/4 15:06,121.627,24.0665,3.6,25.3,花蓮縣政府北方  8.4  公里 (位於花蓮縣近海)(花蓮縣近海)
小區域有感地震,2024/4/4 14:57,121.682,23.9672,3.8,39.5,花蓮縣政府東南東方  6.8  公里 (位於花蓮縣近海)(花蓮縣近海)
小區域有感地震,2024/4/4 14:56,121.768,24.2283,3.3,15.8,花蓮縣政府北北東方  30.3  公里 (位於花蓮縣近海)(花蓮縣近海)
小區域有感地震,2024/4/4 14:52,121.679,24.1873,3.5,30.2,花蓮縣政府北北東方  22.6  公里 (位於花蓮縣近海)(花蓮縣近海)
小區域有感地震,2024/4/4 14:51,121.805,24.1612,3.3,21.5,花蓮縣政府東北方  26.7  公里 (位於臺灣東部海域)(臺灣東部海域)
小區域有感地震,2024/4/4 14:44,121.826,24.1583,4.4,20.3,花蓮縣政府東北方  28.0  公里 (位於臺灣東部海域)(臺灣東部海域)
小區域有感地震,2024/4/4 14:44,121.713,24.1547,3.3,13.9,花蓮縣政府北北東方  20.4  公里 (位於花蓮縣近海)(花蓮縣近海)
小區域有感地震,2024/4/4 14:34,121.763,24.2318,3.9,15.5,花蓮縣政府北北東方  30.4  公里 (位於花蓮縣近海)(花蓮縣近海)
小區域有感地震,2024/4/4 14:33,121.77,24.225,3.6,16,花蓮縣政府北北東方  30.1  公里 (位於花蓮縣近海)(花蓮縣近海)
小區域有感地震,2024/4/4 14:18,121.669,24.0293,4,30.8,花蓮縣政府東北方  6.6  公里 (位於花蓮縣近海)(花蓮縣近海)
小區域有感地震,2024/4/4 14:11,121.734,24.0512,3.5,27.7,花蓮縣政府東北東方  13.3  公里 (位於臺灣東部海域)(臺灣東部海域)
小區域有感地震,2024/4/4 14:00,121.63,24.113,3.1,11.5,花蓮縣政府北方  13.6  公里 (位於花蓮縣新城鄉)(花蓮縣新城鄉)
小區域有感地震,2024/4/4 13:53,120.215,23.3675,3.2,8.5,嘉義縣政府西南方  12.9  公里 (位於嘉義縣義竹鄉)(嘉義縣義竹鄉)
小區域有感地震,2024/4/4 13:52,121.754,24.236,3.6,13.9,花蓮縣政府北北東方  30.4  公里 (位於花蓮縣近海)(花蓮縣近海)
小區域有感地震,2024/4/4 13:21,121.727,24.1192,3.4,6.9,花蓮縣政府東北方  17.9  公里 (位於花蓮縣近海)(花蓮縣近海)
124,2024/4/4 13:16,121.772,24.1835,4.4,20.6,花蓮縣政府東北方  26.3  公里 (位於臺灣東部海域)(臺灣東部海域)
小區域有感地震,2024/4/4 13:08,121.662,23.9823,4.2,38,花蓮縣政府東南東方  4.4  公里 (位於花蓮縣近海)(花蓮縣近海)
小區域有感地震,2024/4/4 13:02,121.701,24.2762,3,14.7,花蓮縣政府北北東方  32.6  公里 (位於花蓮縣秀林鄉)(花蓮縣秀林鄉)
小區域有感地震,2024/4/4 13:01,121.597,24.032,3.5,27.9,花蓮縣政府北北西方  5.1  公里 (位於花蓮縣新城鄉)(花蓮縣新城鄉)
123,2024/4/4 13:00,121.747,24.1992,4.8,13,花蓮縣政府北北東方  26.4  公里 (位於花蓮縣近海)(花蓮縣近海)
小區域有感地震,2024/4/4 12:56,121.51,23.7812,3.7,8.5,花蓮縣政府南南西方  25.8  公里 (位於花蓮縣壽豐鄉)(花蓮縣壽豐鄉)
小區域有感地震,2024/4/4 12:43,121.802,24.2243,3.8,5.7,花蓮縣政府東北方  31.8  公里 (位於臺灣東部海域)(臺灣東部海域)
小區域有感地震,2024/4/4 12:16,121.552,23.7782,3.8,20.1,花蓮縣政府南南西方  24.6  公里 (位於花蓮縣壽豐鄉)(花蓮縣壽豐鄉)
122,2024/4/4 12:11,121.735,24.1728,4.1,15.5,花蓮縣政府北北東方  23.3  公里 (位於花蓮縣近海)(花蓮縣近海)
小區域有感地震,2024/4/4 12:11,121.71,24.2308,3.3,9.9,花蓮縣政府北北東方  28.1  公里 (位於花蓮縣近海)(花蓮縣近海)
小區域有感地震,2024/4/4 11:53,121.716,24.1753,3.8,16,花蓮縣政府北北東方  22.6  公里 (位於花蓮縣近海)(花蓮縣近海)
小區域有感地震,2024/4/4 11:44,121.58,23.9222,3.6,10.7,花蓮縣政府南南西方  8.6  公里 (位於花蓮縣吉安鄉)(花蓮縣吉安鄉)
小區域有感地震,2024/4/4 11:35,121.694,24.2415,3.5,15.1,花蓮縣政府北北東方  28.7  公里 (位於花蓮縣秀林鄉)(花蓮縣秀林鄉)
小區域有感地震,2024/4/4 11:32,121.725,24.1622,3.4,13.6,花蓮縣政府北北東方  21.7  公里 (位於花蓮縣近海)(花蓮縣近海)
121,2024/4/4 11:31,121.716,24.1677,4,16,花蓮縣政府北北東方  21.9  公里 (位於花蓮縣近海)(花蓮縣近海)
120,2024/4/4 11:14,121.684,24.0262,4.4,39,花蓮縣政府東北東方  7.6  公里 (位於花蓮縣近海)(花蓮縣近海)
小區域有感地震,2024/4/4 11:11,121.709,24.1927,3.7,12.7,花蓮縣政府北北東方  24.1  公里 (位於花蓮縣近海)(花蓮縣近海)
119,2024/4/4 11:10,121.721,24.2,4,12.5,花蓮縣政府北北東方  25.3  公里 (位於花蓮縣近海)(花蓮縣近海)
小區域有感地震,2024/4/4 11:09,121.705,24.198,3.1,13.4,花蓮縣政府北北東方  24.5  公里 (位於花蓮縣近海)(花蓮縣近海)
小區域有感地震,2024/4/4 10:49,121.628,23.9638,3.5,25.6,花蓮縣政府南南東方  3.1  公里 (位於花蓮縣近海)(花蓮縣近海)
小區域有感地震,2024/4/4 10:43,121.719,24.1747,3.9,16.7,花蓮縣政府北北東方  22.7  公里 (位於花蓮縣近海)(花蓮縣近海)
小區域有感地震,2024/4/4 10:34,121.734,24.0368,3.4,31.3,花蓮縣政府東北東方  12.7  公里 (位於臺灣東部海域)(臺灣東部海域)
小區域有感地震,2024/4/4 10:33,121.696,24.1628,3.5,15.5,花蓮縣政府北北東方  20.5  公里 (位於花蓮縣近海)(花蓮縣近海)
小區域有感地震,2024/4/4 10:17,121.754,24.0178,4.1,23.6,花蓮縣政府東北東方  13.9  公里 (位於臺灣東部海域)(臺灣東部海域)
小區域有感地震,2024/4/4 10:16,121.688,24.117,3.7,17.3,花蓮縣政府北北東方  15.6  公里 (位於花蓮縣近海)(花蓮縣近海)
小區域有感地震,2024/4/4 10:14,120.209,23.3713,3.5,8.5,嘉義縣政府西南方  12.9  公里 (位於嘉義縣義竹鄉)(嘉義縣義竹鄉)
小區域有感地震,2024/4/4 10:08,121.718,24.1802,3.7,15.9,花蓮縣政府北北東方  23.2  公里 (位於花蓮縣近海)(花蓮縣近海)
小區域有感地震,2024/4/4 10:05,121.654,24.017,4,40.5,花蓮縣政府東北方  4.5  公里 (位於花蓮縣近海)(花蓮縣近海)
118,2024/4/4 10:04,121.719,24.1845,4,12.8,花蓮縣政府北北東方  23.7  公里 (位於花蓮縣近海)(花蓮縣近海)
117,2024/4/4 10:02,121.708,24.1738,4.8,15.5,花蓮縣政府北北東方  22.1  公里 (位於花蓮縣近海)(花蓮縣近海)
小區域有感地震,2024/4/4 10:01,121.697,24.1758,3.7,16.6,花蓮縣政府北北東方  21.9  公里 (位於花蓮縣近海)(花蓮縣近海)
小區域有感地震,2024/4/4 09:55,121.729,24.1113,3.3,14.2,花蓮縣政府東北方  17.3  公里 (位於臺灣東部海域)(臺灣東部海域)
小區域有感地震,2024/4/4 09:52,121.669,24.2375,3.3,11.9,花蓮縣政府北北東方  27.8  公里 (位於花蓮縣秀林鄉)(花蓮縣秀林鄉)
小區域有感地震,2024/4/4 09:47,121.744,24.2,3.4,15,花蓮縣政府北北東方  26.4  公里 (位於花蓮縣近海)(花蓮縣近海)
小區域有感地震,2024/4/4 09:43,121.771,24.306,3.4,15.5,花蓮縣政府北北東方  38.1  公里 (位於花蓮縣近海)(花蓮縣近海)
小區域有感地震,2024/4/4 09:32,121.696,24.2275,3.9,27.7,花蓮縣政府北北東方  27.3  公里 (位於花蓮縣秀林鄉)(花蓮縣秀林鄉)
小區域有感地震,2024/4/4 09:31,121.822,24.1832,4.3,22.1,花蓮縣政府東北方  29.6  公里 (位於臺灣東部海域)(臺灣東部海域)
116,2024/4/4 09:29,121.54,23.8217,4.8,7.5,花蓮縣政府南南西方  20.5  公里 (位於花蓮縣壽豐鄉)(花蓮縣壽豐鄉)
小區域有感地震,2024/4/4 09:14,121.625,24.0653,4.3,14.7,花蓮縣政府北方  8.2  公里 (位於花蓮縣近海)(花蓮縣近海)
小區域有感地震,2024/4/4 08:53,121.701,24.2217,3.5,16.4,花蓮縣政府北北東方  26.8  公里 (位於花蓮縣近海)(花蓮縣近海)
小區域有感地震,2024/4/4 08:43,121.497,23.8135,3.3,11,花蓮縣政府西南方  23.3  公里 (位於花蓮縣鳳林鎮)(花蓮縣鳳林鎮)
115,2024/4/4 08:32,121.691,24.225,4.2,16.1,花蓮縣政府北北東方  26.9  公里 (位於花蓮縣秀林鄉)(花蓮縣秀林鄉)
小區域有感地震,2024/4/4 08:30,121.733,24.2097,3.5,13.6,花蓮縣政府北北東方  26.8  公里 (位於花蓮縣近海)(花蓮縣近海)
小區域有感地震,2024/4/4 08:28,121.718,24.2213,3.5,11.9,花蓮縣政府北北東方  27.4  公里 (位於花蓮縣近海)(花蓮縣近海)
小區域有感地震,2024/4/4 08:27,121.742,24.1958,3.3,15,花蓮縣政府北北東方  25.8  公里 (位於花蓮縣近海)(花蓮縣近海)
114,2024/4/4 08:18,121.688,24.2253,4.3,16.6,花蓮縣政府北北東方  26.9  公里 (位於花蓮縣秀林鄉)(花蓮縣秀林鄉)
小區域有感地震,2024/4/4 07:56,121.641,24.1982,3.4,16.2,花蓮縣政府北方  23.0  公里 (位於花蓮縣秀林鄉)(花蓮縣秀林鄉)
小區域有感地震,2024/4/4 07:50,121.76,24.2145,3.2,6.4,花蓮縣政府北北東方  28.5  公里 (位於花蓮縣近海)(花蓮縣近海)
小區域有感地震,2024/4/4 07:48,121.839,24.1502,3.9,21.7,花蓮縣政府東北方  28.4  公里 (位於臺灣東部海域)(臺灣東部海域)
小區域有感地震,2024/4/4 07:47,121.782,24.2503,3.6,21.1,花蓮縣政府北北東方  33.1  公里 (位於花蓮縣近海)(花蓮縣近海)
小區域有感地震,2024/4/4 07:47,121.745,24.2267,3.4,9.5,花蓮縣政府北北東方  29.0  公里 (位於花蓮縣近海)(花蓮縣近海)
小區域有感地震,2024/4/4 07:43,121.786,24.2537,4.1,22.8,花蓮縣政府北北東方  33.6  公里 (位於花蓮縣近海)(花蓮縣近海)
小區域有感地震,2024/4/4 07:23,121.668,24.182,3.7,16.5,花蓮縣政府北北東方  21.7  公里 (位於花蓮縣近海)(花蓮縣近海)
小區域有感地震,2024/4/4 07:09,121.782,24.255,3.5,14.1,花蓮縣政府北北東方  33.5  公里 (位於花蓮縣近海)(花蓮縣近海)
小區域有感地震,2024/4/4 06:53,121.785,24.22,3.3,5.4,花蓮縣政府東北方  30.4  公里 (位於臺灣東部海域)(臺灣東部海域)
113,2024/4/4 06:48,121.681,24.0707,4.8,37.4,花蓮縣政府東北方  10.8  公里 (位於花蓮縣近海)(花蓮縣近海)
112,2024/4/4 06:46,121.685,23.9872,4.8,36.9,花蓮縣政府東方  6.6  公里 (位於花蓮縣近海)(花蓮縣近海)
小區域有感地震,2024/4/4 06:36,121.576,23.8358,3.5,26,花蓮縣政府南南西方  17.8  公里 (位於花蓮縣壽豐鄉)(花蓮縣壽豐鄉)
小區域有感地震,2024/4/4 06:32,121.708,24.116,3.9,14.5,花蓮縣政府東北方  16.5  公里 (位於花蓮縣近海)(花蓮縣近海)
小區域有感地震,2024/4/4 06:26,121.81,24.1828,3.6,20.4,花蓮縣政府東北方  28.7  公里 (位於臺灣東部海域)(臺灣東部海域)
小區域有感地震,2024/4/4 06:19,121.599,23.8467,4.2,34,花蓮縣政府南方  16.1  公里 (位於花蓮縣近海)(花蓮縣近海)
小區域有感地震,2024/4/4 06:15,121.73,24.0178,3.7,24.5,花蓮縣政府東北東方  11.6  公里 (位於花蓮縣近海)(花蓮縣近海)
小區域有感地震,2024/4/4 06:10,121.708,24.1095,3.9,32.1,花蓮縣政府東北方  15.9  公里 (位於花蓮縣近海)(花蓮縣近海)
小區域有感地震,2024/4/4 05:56,121.667,24.1817,3.7,16.7,花蓮縣政府北北東方  21.6  公里 (位於花蓮縣近海)(花蓮縣近海)
111,2024/4/4 05:56,121.681,24.1968,4.8,7.9,花蓮縣政府北北東方  23.6  公里 (位於花蓮縣近海)(花蓮縣近海)
小區域有感地震,2024/4/4 05:52,121.804,24.3125,3.1,4,花蓮縣政府北北東方  40.2  公里 (位於花蓮縣近海)(花蓮縣近海)
小區域有感地震,2024/4/4 05:49,121.674,24.1687,3.8,30.5,花蓮縣政府北北東方  20.4  公里 (位於花蓮縣近海)(花蓮縣近海)
小區域有感地震,2024/4/4 05:36,121.658,24.179,3.7,15.7,花蓮縣政府北北東方  21.2  公里 (位於花蓮縣近海)(花蓮縣近海)
小區域有感地震,2024/4/4 05:36,121.534,23.7232,3.3,6.1,花蓮縣政府南南西方  30.9  公里 (位於花蓮縣豐濱鄉)(花蓮縣豐濱鄉)
小區域有感地震,2024/4/4 05:26,121.744,23.9787,3.8,26.3,花蓮縣政府東方  12.7  公里 (位於臺灣東部海域)(臺灣東部海域)
小區域有感地震,2024/4/4 05:20,121.859,24.5222,3.5,10.5,宜蘭縣政府南南東方  25.1  公里 (位於宜蘭縣近海)(宜蘭縣近海)
110,2024/4/4 05:19,121.779,24.1578,4,16.6,花蓮縣政府東北方  24.5  公里 (位於臺灣東部海域)(臺灣東部海域)
小區域有感地震,2024/4/4 05:12,121.631,24.0078,3.6,29.2,花蓮縣政府北北東方  2.2  公里 (位於花蓮縣花蓮市)(花蓮縣花蓮市)
小區域有感地震,2024/4/4 04:58,121.63,23.9285,3.5,32,花蓮縣政府南方  7.0  公里 (位於花蓮縣近海)(花蓮縣近海)
小區域有感地震,2024/4/4 04:51,121.781,24.0965,3.6,25.8,花蓮縣政府東北東方  20.1  公里 (位於臺灣東部海域)(臺灣東部海域)
小區域有感地震,2024/4/4 04:47,121.715,24.2187,3.7,15.1,花蓮縣政府北北東方  27.0  公里 (位於花蓮縣近海)(花蓮縣近海)
小區域有感地震,2024/4/4 04:30,121.666,24.1735,3.8,15.3,花蓮縣政府北北東方  20.8  公里 (位於花蓮縣近海)(花蓮縣近海)
109,2024/4/4 04:29,121.823,24.2567,4.7,9,花蓮縣政府東北方  36.0  公里 (位於花蓮縣近海)(花蓮縣近海)
小區域有感地震,2024/4/4 04:28,121.655,24.1873,3.8,13.6,花蓮縣政府北方  22.0  公里 (位於花蓮縣近海)(花蓮縣近海)
小區域有感地震,2024/4/4 04:28,121.653,24.1967,3.7,14.9,花蓮縣政府北方  23.0  公里 (位於花蓮縣秀林鄉)(花蓮縣秀林鄉)
108,2024/4/4 04:26,121.69,24.2463,4.3,23.6,花蓮縣政府北北東方  29.2  公里 (位於花蓮縣秀林鄉)(花蓮縣秀林鄉)
小區域有感地震,2024/4/4 04:25,121.834,24.1755,3.9,5,花蓮縣政府東北方  29.8  公里 (位於臺灣東部海域)(臺灣東部海域)
小區域有感地震,2024/4/4 04:16,121.826,24.1548,4,21,花蓮縣政府東北方  27.7  公里 (位於臺灣東部海域)(臺灣東部海域)
小區域有感地震,2024/4/4 04:10,121.847,24.1505,3.9,21.8,花蓮縣政府東北方  29.1  公里 (位於臺灣東部海域)(臺灣東部海域)
小區域有感地震,2024/4/4 04:04,121.757,24.2553,3.5,12.7,花蓮縣政府北北東方  32.4  公里 (位於花蓮縣近海)(花蓮縣近海)
小區域有感地震,2024/4/4 04:03,121.889,23.7787,4,8.7,花蓮縣政府東南方  36.1  公里 (位於臺灣東部海域)(臺灣東部海域)
小區域有感地震,2024/4/4 04:01,121.701,24.0457,3.7,29.1,花蓮縣政府東北方  10.2  公里 (位於花蓮縣近海)(花蓮縣近海)
小區域有感地震,2024/4/4 03:54,121.667,24.1482,3.9,5,花蓮縣政府北北東方  18.1  公里 (位於花蓮縣近海)(花蓮縣近海)
小區域有感地震,2024/4/4 03:49,121.612,23.962,3.5,22,花蓮縣政府南南西方  3.3  公里 (位於花蓮縣近海)(花蓮縣近海)
107,2024/4/4 03:46,121.766,23.816,4.9,6,花蓮縣政府東南方  24.4  公里 (位於臺灣東部海域)(臺灣東部海域)
小區域有感地震,2024/4/4 03:35,121.627,24.0123,4.2,41.2,花蓮縣政府北北東方  2.5  公里 (位於花蓮縣花蓮市)(花蓮縣花蓮市)
小區域有感地震,2024/4/4 03:35,121.635,23.9608,4.1,29.5,花蓮縣政府南南東方  3.7  公里 (位於花蓮縣近海)(花蓮縣近海)
小區域有感地震,2024/4/4 03:33,121.621,23.954,3.9,23.9,花蓮縣政府南方  4.1  公里 (位於花蓮縣近海)(花蓮縣近海)
小區域有感地震,2024/4/4 03:27,121.715,24.1332,3.6,16.7,花蓮縣政府東北方  18.5  公里 (位於花蓮縣近海)(花蓮縣近海)
小區域有感地震,2024/4/4 03:19,121.693,24.106,3.7,16.9,花蓮縣政府北北東方  14.7  公里 (位於花蓮縣近海)(花蓮縣近海)
小區域有感地震,2024/4/4 03:15,121.727,24.2647,3.6,13.1,花蓮縣政府北北東方  32.2  公里 (位於花蓮縣秀林鄉)(花蓮縣秀林鄉)
106,2024/4/4 03:07,121.74,23.9127,4.5,26.9,花蓮縣政府東南東方  15.0  公里 (位於臺灣東部海域)(臺灣東部海域)
小區域有感地震,2024/4/4 03:04,121.751,24.2382,3.4,11.5,花蓮縣政府北北東方  30.4  公里 (位於花蓮縣近海)(花蓮縣近海)
105,2024/4/4 02:55,121.674,24.169,4.1,17.1,花蓮縣政府北北東方  20.5  公里 (位於花蓮縣近海)(花蓮縣近海)
小區域有感地震,2024/4/4 02:52,121.633,24.0423,3.6,13.9,花蓮縣政府北北東方  5.8  公里 (位於花蓮縣近海)(花蓮縣近海)
小區域有感地震,2024/4/4 02:45,121.521,23.8605,3.8,8.7,花蓮縣政府西南方  17.6  公里 (位於花蓮縣壽豐鄉)(花蓮縣壽豐鄉)
小區域有感地震,2024/4/4 02:38,121.761,24.2525,3.5,13.7,花蓮縣政府北北東方  32.3  公里 (位於花蓮縣近海)(花蓮縣近海)
小區域有感地震,2024/4/4 02:35,121.66,24.0725,3.7,8,花蓮縣政府北北東方  9.9  公里 (位於花蓮縣近海)(花蓮縣近海)
小區域有感地震,2024/4/4 02:32,121.771,23.8165,4.2,16.4,花蓮縣政府東南方  24.7  公里 (位於臺灣東部海域)(臺灣東部海域)
小區域有感地震,2024/4/4 02:31,121.675,24.173,4,18.4,花蓮縣政府北北東方  20.9  公里 (位於花蓮縣近海)(花蓮縣近海)
104,2024/4/4 02:30,121.683,24.1767,4.3,18,花蓮縣政府北北東方  21.5  公里 (位於花蓮縣近海)(花蓮縣近海)
103,2024/4/4 02:29,121.788,23.7963,5.4,5.8,花蓮縣政府東南方  27.5  公里 (位於臺灣東部海域)(臺灣東部海域)
小區域有感地震,2024/4/4 02:04,121.613,24.0867,3.4,13.1,花蓮縣政府北方  10.6  公里 (位於花蓮縣新城鄉)(花蓮縣新城鄉)
小區域有感地震,2024/4/4 01:44,121.655,23.8968,3.6,36.8,花蓮縣政府南南東方  11.0  公里 (位於花蓮縣近海)(花蓮縣近海)
小區域有感地震,2024/4/4 01:40,121.571,24.039,3.2,8.9,花蓮縣政府西北方  7.3  公里 (位於花蓮縣秀林鄉)(花蓮縣秀林鄉)
102,2024/4/4 01:39,121.627,23.931,4.7,17.6,花蓮縣政府南方  6.7  公里 (位於花蓮縣近海)(花蓮縣近海)
小區域有感地震,2024/4/4 01:30,121.77,24.2267,3.2,14.3,花蓮縣政府北北東方  30.2  公里 (位於花蓮縣近海)(花蓮縣近海)
小區域有感地震,2024/4/4 01:20,121.813,24.0537,4,23,花蓮縣政府東北東方  20.8  公里 (位於臺灣東部海域)(臺灣東部海域)
101,2024/4/4 01:18,121.769,24.082,4.7,12.8,花蓮縣政府東北東方  18.2  公里 (位於臺灣東部海域)(臺灣東部海域)
小區域有感地震,2024/4/4 01:12,121.761,24.2518,3.7,14.1,花蓮縣政府北北東方  32.2  公里 (位於花蓮縣近海)(花蓮縣近海)
小區域有感地震,2024/4/4 01:02,121.679,24.1808,3.8,17.3,花蓮縣政府北北東方  21.9  公里 (位於花蓮縣近海)(花蓮縣近海)
小區域有感地震,2024/4/4 00:52,121.682,24.136,3.9,18.4,花蓮縣政府北北東方  17.3  公里 (位於花蓮縣近海)(花蓮縣近海)
小區域有感地震,2024/4/4 00:33,121.668,24.003,3.7,35.4,花蓮縣政府東北東方  5.0  公里 (位於花蓮縣近海)(花蓮縣近海)
小區域有感地震,2024/4/4 00:26,121.746,24.2408,3.3,12,花蓮縣政府北北東方  30.5  公里 (位於花蓮縣近海)(花蓮縣近海)
小區域有感地震,2024/4/4 00:18,121.68,24.1503,3.1,16.1,花蓮縣政府北北東方  18.7  公里 (位於花蓮縣近海)(花蓮縣近海)
小區域有感地震,2024/4/4 00:17,121.611,24.0885,3.1,12.8,花蓮縣政府北方  10.8  公里 (位於花蓮縣新城鄉)(花蓮縣新城鄉)
小區域有感地震,2024/4/4 00:12,121.787,23.7845,4.1,13.2,花蓮縣政府東南方  28.5  公里 (位於臺灣東部海域)(臺灣東部海域)
小區域有感地震,2024/4/4 00:07,121.685,24.1735,3,19,花蓮縣政府北北東方  21.3  公里 (位於花蓮縣近海)(花蓮縣近海)
小區域有感地震,2024/4/4 00:06,121.555,23.8428,3.8,6.4,花蓮縣政府南南西方  17.7  公里 (位於花蓮縣壽豐鄉)(花蓮縣壽豐鄉)
100,2024/4/3 23:55,121.739,24.2115,5.1,10,花蓮縣政府北北東方  27.3  公里 (位於花蓮縣近海)(花蓮縣近海)
小區域有感地震,2024/4/3 23:54,121.674,24.1688,4.6,17.1,花蓮縣政府北北東方  20.4  公里 (位於花蓮縣近海)(花蓮縣近海)
小區域有感地震,2024/4/3 23:54,121.668,24.1893,3.5,15.6,花蓮縣政府北北東方  22.5  公里 (位於花蓮縣近海)(花蓮縣近海)
小區域有感地震,2024/4/3 23:53,121.687,24.1697,3.4,16.9,花蓮縣政府北北東方  20.9  公里 (位於花蓮縣近海)(花蓮縣近海)
小區域有感地震,2024/4/3 23:49,121.619,23.9572,3.5,23.9,花蓮縣政府南方  3.8  公里 (位於花蓮縣近海)(花蓮縣近海)
小區域有感地震,2024/4/3 23:47,121.674,24.1747,3.7,18.9,花蓮縣政府北北東方  21.1  公里 (位於花蓮縣近海)(花蓮縣近海)
小區域有感地震,2024/4/3 23:47,121.772,24.041,3.6,23.7,花蓮縣政府東北東方  16.5  公里 (位於臺灣東部海域)(臺灣東部海域)
99,2024/4/3 23:42,121.683,24.1738,5,17.1,花蓮縣政府北北東方  21.2  公里 (位於花蓮縣近海)(花蓮縣近海)
98,2024/4/3 23:39,121.688,24.1555,5.1,17.2,花蓮縣政府北北東方  19.5  公里 (位於花蓮縣近海)(花蓮縣近海)
小區域有感地震,2024/4/3 23:35,121.652,23.8242,3.8,28.9,花蓮縣政府南方  18.8  公里 (位於花蓮縣近海)(花蓮縣近海)
小區域有感地震,2024/4/3 23:32,121.529,23.716,3.3,5,花蓮縣政府南南西方  31.8  公里 (位於花蓮縣豐濱鄉)(花蓮縣豐濱鄉)
小區域有感地震,2024/4/3 23:30,121.662,23.9168,4.4,30.5,花蓮縣政府南南東方  9.2  公里 (位於花蓮縣近海)(花蓮縣近海)
小區域有感地震,2024/4/3 23:27,121.678,24.1148,3.9,17.5,花蓮縣政府北北東方  14.9  公里 (位於花蓮縣近海)(花蓮縣近海)
小區域有感地震,2024/4/3 23:25,121.652,24.0168,4.4,37.9,花蓮縣政府東北方  4.3  公里 (位於花蓮縣近海)(花蓮縣近海)
97,2024/4/3 23:20,121.725,24.1615,4.1,9.2,花蓮縣政府北北東方  21.7  公里 (位於花蓮縣近海)(花蓮縣近海)
小區域有感地震,2024/4/3 23:09,121.715,24.268,3,13.7,花蓮縣政府北北東方  32.1  公里 (位於花蓮縣秀林鄉)(花蓮縣秀林鄉)
小區域有感地震,2024/4/3 23:06,121.687,24.128,3.6,36.3,花蓮縣政府北北東方  16.6  公里 (位於花蓮縣近海)(花蓮縣近海)
96,2024/4/3 23:01,121.69,24.238,4.6,22.9,花蓮縣政府北北東方  28.3  公里 (位於花蓮縣秀林鄉)(花蓮縣秀林鄉)
小區域有感地震,2024/4/3 22:55,121.723,24.022,3.4,28.1,花蓮縣政府東北東方  11.0  公里 (位於花蓮縣近海)(花蓮縣近海)
95,2024/4/3 22:49,121.806,24.1475,4.7,11.6,花蓮縣政府東北方  25.7  公里 (位於臺灣東部海域)(臺灣東部海域)
94,2024/4/3 22:38,121.644,24.1823,4.5,7.7,花蓮縣政府北方  21.3  公里 (位於花蓮縣秀林鄉)(花蓮縣秀林鄉)
小區域有感地震,2024/4/3 22:29,121.816,24.1928,4.4,22,花蓮縣政府東北方  29.9  公里 (位於臺灣東部海域)(臺灣東部海域)
93,2024/4/3 22:29,121.691,24.18,4.3,13.5,花蓮縣政府北北東方  22.1  公里 (位於花蓮縣近海)(花蓮縣近海)
92,2024/4/3 22:17,121.767,24.3035,4,14.7,花蓮縣政府北北東方  37.7  公里 (位於花蓮縣近海)(花蓮縣近海)
小區域有感地震,2024/4/3 22:12,121.686,24.1633,3.3,15.4,花蓮縣政府北北東方  20.2  公里 (位於花蓮縣近海)(花蓮縣近海)
小區域有感地震,2024/4/3 22:12,121.687,24.1585,3.4,17.2,花蓮縣政府北北東方  19.8  公里 (位於花蓮縣近海)(花蓮縣近海)
小區域有感地震,2024/4/3 22:03,121.512,23.883,3.2,15.6,花蓮縣政府西南方  16.3  公里 (位於花蓮縣壽豐鄉)(花蓮縣壽豐鄉)
小區域有感地震,2024/4/3 21:57,121.561,23.8817,3.4,13.2,花蓮縣政府南南西方  13.5  公里 (位於花蓮縣壽豐鄉)(花蓮縣壽豐鄉)
91,2024/4/3 21:52,121.832,24.164,4.1,21,花蓮縣政府東北方  28.8  公里 (位於臺灣東部海域)(臺灣東部海域)
小區域有感地震,2024/4/3 21:51,121.668,24.162,3.3,17.5,花蓮縣政府北北東方  19.6  公里 (位於花蓮縣近海)(花蓮縣近海)
小區域有感地震,2024/4/3 21:42,121.693,24.1118,4.1,43,花蓮縣政府北北東方  15.3  公里 (位於花蓮縣近海)(花蓮縣近海)
小區域有感地震,2024/4/3 21:32,121.722,24.0628,4.2,25.1,花蓮縣政府東北方  13.0  公里 (位於臺灣東部海域)(臺灣東部海域)
90,2024/4/3 21:24,121.764,24.1995,4.4,23.8,花蓮縣政府東北方  27.3  公里 (位於臺灣東部海域)(臺灣東部海域)
小區域有感地震,2024/4/3 21:24,121.777,24.1972,3.9,22,花蓮縣政府東北方  27.9  公里 (位於臺灣東部海域)(臺灣東部海域)
小區域有感地震,2024/4/3 21:12,121.764,24.0045,3.3,24.7,花蓮縣政府東方  14.7  公里 (位於臺灣東部海域)(臺灣東部海域)
小區域有感地震,2024/4/3 21:00,121.833,24.1995,3.5,21.5,花蓮縣政府東北方  31.7  公里 (位於臺灣東部海域)(臺灣東部海域)
小區域有感地震,2024/4/3 20:52,121.641,23.8562,4,34.9,花蓮縣政府南方  15.1  公里 (位於花蓮縣近海)(花蓮縣近海)
小區域有感地震,2024/4/3 20:43,121.692,23.9902,3.5,24.9,花蓮縣政府東方  7.3  公里 (位於花蓮縣近海)(花蓮縣近海)
小區域有感地震,2024/4/3 20:35,121.509,23.7798,3.7,13.8,花蓮縣政府南南西方  26.0  公里 (位於花蓮縣壽豐鄉)(花蓮縣壽豐鄉)
小區域有感地震,2024/4/3 20:05,121.626,24.0307,3.6,32.1,花蓮縣政府北方  4.4  公里 (位於花蓮縣近海)(花蓮縣近海)
小區域有感地震,2024/4/3 20:03,121.615,24.0235,3.9,26.3,花蓮縣政府北方  3.6  公里 (位於花蓮縣花蓮市)(花蓮縣花蓮市)
89,2024/4/3 20:02,121.635,24.0363,4.3,15.9,花蓮縣政府北北東方  5.2  公里 (位於花蓮縣近海)(花蓮縣近海)
小區域有感地震,2024/4/3 19:55,121.668,24.1505,3.3,16.6,花蓮縣政府北北東方  18.3  公里 (位於花蓮縣近海)(花蓮縣近海)
88,2024/4/3 19:51,121.635,24.0298,4.3,22.1,花蓮縣政府北北東方  4.6  公里 (位於花蓮縣近海)(花蓮縣近海)
小區域有感地震,2024/4/3 19:46,121.751,24.2053,3.4,17.5,花蓮縣政府北北東方  27.2  公里 (位於花蓮縣近海)(花蓮縣近海)
小區域有感地震,2024/4/3 19:38,121.764,24.2967,3.6,14.9,花蓮縣政府北北東方  36.9  公里 (位於花蓮縣近海)(花蓮縣近海)
小區域有感地震,2024/4/3 19:38,121.723,24.0623,3.6,5.6,花蓮縣政府東北方  13.1  公里 (位於臺灣東部海域)(臺灣東部海域)
小區域有感地震,2024/4/3 19:24,121.787,24.2028,3.3,8,花蓮縣政府東北方  29.0  公里 (位於臺灣東部海域)(臺灣東部海域)
小區域有感地震,2024/4/3 19:22,121.632,23.9038,4.2,32.7,花蓮縣政府南方  9.7  公里 (位於花蓮縣近海)(花蓮縣近海)
87,2024/4/3 19:22,121.744,24.2157,4,13.1,花蓮縣政府北北東方  27.9  公里 (位於花蓮縣近海)(花蓮縣近海)
小區域有感地震,2024/4/3 19:10,121.548,23.823,3.9,7.6,花蓮縣政府南南西方  20.0  公里 (位於花蓮縣壽豐鄉)(花蓮縣壽豐鄉)
小區域有感地震,2024/4/3 19:06,121.626,23.9383,3.9,32.4,花蓮縣政府南方  5.9  公里 (位於花蓮縣近海)(花蓮縣近海)
小區域有感地震,2024/4/3 19:05,121.824,24.2893,3.4,9.2,花蓮縣政府東北方  39.0  公里 (位於花蓮縣近海)(花蓮縣近海)
小區域有感地震,2024/4/3 19:04,121.774,24.1973,3.2,9.1,花蓮縣政府東北方  27.7  公里 (位於臺灣東部海域)(臺灣東部海域)
小區域有感地震,2024/4/3 19:03,121.823,24.04,3.7,21.2,花蓮縣政府東北東方  21.4  公里 (位於臺灣東部海域)(臺灣東部海域)
小區域有感地震,2024/4/3 18:58,121.58,23.807,3.5,21.1,花蓮縣政府南南西方  20.8  公里 (位於花蓮縣近海)(花蓮縣近海)
86,2024/4/3 18:56,121.681,24.034,4.9,42.6,花蓮縣政府東北方  7.8  公里 (位於花蓮縣近海)(花蓮縣近海)
小區域有感地震,2024/4/3 18:43,121.628,24.0437,3.6,22.8,花蓮縣政府北方  5.9  公里 (位於花蓮縣近海)(花蓮縣近海)
小區域有感地震,2024/4/3 18:41,121.763,24.112,3.8,27,花蓮縣政府東北方  19.8  公里 (位於臺灣東部海域)(臺灣東部海域)
85,2024/4/3 18:38,121.639,24.2017,4.6,29.9,花蓮縣政府北方  23.4  公里 (位於花蓮縣秀林鄉)(花蓮縣秀林鄉)
小區域有感地震,2024/4/3 18:30,121.811,23.7903,3.8,14,花蓮縣政府東南方  29.5  公里 (位於臺灣東部海域)(臺灣東部海域)
小區域有感地震,2024/4/3 18:28,121.629,24.0647,3.7,14,花蓮縣政府北方  8.2  公里 (位於花蓮縣近海)(花蓮縣近海)
小區域有感地震,2024/4/3 18:27,121.797,24.1362,3.5,24.4,花蓮縣政府東北方  24.1  公里 (位於臺灣東部海域)(臺灣東部海域)
小區域有感地震,2024/4/3 18:26,121.823,24.1298,3.7,25.6,花蓮縣政府東北方  25.8  公里 (位於臺灣東部海域)(臺灣東部海域)
小區域有感地震,2024/4/3 18:24,121.599,23.8122,3.7,28.7,花蓮縣政府南方  19.9  公里 (位於花蓮縣近海)(花蓮縣近海)
小區域有感地震,2024/4/3 18:20,121.527,23.7877,3.6,15.3,花蓮縣政府南南西方  24.4  公里 (位於花蓮縣壽豐鄉)(花蓮縣壽豐鄉)
小區域有感地震,2024/4/3 18:13,121.696,24.1132,3.5,10.5,花蓮縣政府北北東方  15.6  公里 (位於花蓮縣近海)(花蓮縣近海)
小區域有感地震,2024/4/3 18:11,121.681,24.1355,3.7,19.1,花蓮縣政府北北東方  17.2  公里 (位於花蓮縣近海)(花蓮縣近海)
小區域有感地震,2024/4/3 18:08,121.516,23.799,3.8,12.4,花蓮縣政府南南西方  23.8  公里 (位於花蓮縣壽豐鄉)(花蓮縣壽豐鄉)
小區域有感地震,2024/4/3 18:07,121.676,24.1633,3.9,15.4,花蓮縣政府北北東方  19.9  公里 (位於花蓮縣近海)(花蓮縣近海)
小區域有感地震,2024/4/3 18:03,121.729,24.2422,3.5,11,花蓮縣政府北北東方  29.9  公里 (位於花蓮縣近海)(花蓮縣近海)
小區域有感地震,2024/4/3 17:58,121.688,24.138,3.9,32.6,花蓮縣政府北北東方  17.7  公里 (位於花蓮縣近海)(花蓮縣近海)
84,2024/4/3 17:53,121.682,24.099,4.3,31.2,花蓮縣政府北北東方  13.5  公里 (位於花蓮縣近海)(花蓮縣近海)
83,2024/4/3 17:53,121.674,24.0373,4.6,24.8,花蓮縣政府東北方  7.5  公里 (位於花蓮縣近海)(花蓮縣近海)
小區域有感地震,2024/4/3 17:44,121.682,24.181,3.8,26.2,花蓮縣政府北北東方  22.0  公里 (位於花蓮縣近海)(花蓮縣近海)
小區域有感地震,2024/4/3 17:42,121.784,24.1943,3.3,19.3,花蓮縣政府東北方  28.1  公里 (位於臺灣東部海域)(臺灣東部海域)
82,2024/4/3 17:40,121.626,24.0875,4.2,12.7,花蓮縣政府北方  10.7  公里 (位於花蓮縣近海)(花蓮縣近海)
小區域有感地震,2024/4/3 17:38,121.689,24.1257,3.4,39.1,花蓮縣政府北北東方  16.5  公里 (位於花蓮縣近海)(花蓮縣近海)
小區域有感地震,2024/4/3 17:36,121.736,24.1927,3.5,14.8,花蓮縣政府北北東方  25.3  公里 (位於花蓮縣近海)(花蓮縣近海)
小區域有感地震,2024/4/3 17:34,121.615,23.7905,3.9,35.8,花蓮縣政府南方  22.2  公里 (位於花蓮縣近海)(花蓮縣近海)
小區域有感地震,2024/4/3 17:31,121.714,24.2708,3.6,13.7,花蓮縣政府北北東方  32.4  公里 (位於花蓮縣秀林鄉)(花蓮縣秀林鄉)
81,2024/4/3 17:28,121.754,24.2147,4.1,13,花蓮縣政府北北東方  28.3  公里 (位於花蓮縣近海)(花蓮縣近海)
小區域有感地震,2024/4/3 17:23,121.801,24.2137,4,9.6,花蓮縣政府東北方  30.8  公里 (位於臺灣東部海域)(臺灣東部海域)
80,2024/4/3 17:22,121.539,23.7752,4.1,15.4,花蓮縣政府南南西方  25.3  公里 (位於花蓮縣壽豐鄉)(花蓮縣壽豐鄉)
79,2024/4/3 17:20,121.71,23.9815,4.4,34.6,花蓮縣政府東方  9.2  公里 (位於花蓮縣近海)(花蓮縣近海)
小區域有感地震,2024/4/3 17:18,121.643,24.1823,3.9,29.5,花蓮縣政府北方  21.3  公里 (位於花蓮縣秀林鄉)(花蓮縣秀林鄉)
小區域有感地震,2024/4/3 17:16,121.584,23.8395,3.8,22,花蓮縣政府南南西方  17.2  公里 (位於花蓮縣壽豐鄉)(花蓮縣壽豐鄉)
78,2024/4/3 17:15,121.624,23.9552,4.4,25.3,花蓮縣政府南方  4.0  公里 (位於花蓮縣近海)(花蓮縣近海)
77,2024/4/3 17:08,121.531,23.7478,4.1,18,花蓮縣政府南南西方  28.4  公里 (位於花蓮縣壽豐鄉)(花蓮縣壽豐鄉)
小區域有感地震,2024/4/3 17:08,121.649,24.1063,4,12.5,花蓮縣政府北北東方  13.1  公里 (位於花蓮縣近海)(花蓮縣近海)
小區域有感地震,2024/4/3 17:05,121.748,24.2473,3.5,16.4,花蓮縣政府北北東方  31.2  公里 (位於花蓮縣近海)(花蓮縣近海)
小區域有感地震,2024/4/3 16:57,121.559,23.9252,3.5,7.3,花蓮縣政府西南方  9.6  公里 (位於花蓮縣吉安鄉)(花蓮縣吉安鄉)
76,2024/4/3 16:56,121.631,24.0685,4.7,13.1,花蓮縣政府北方  8.6  公里 (位於花蓮縣近海)(花蓮縣近海)
小區域有感地震,2024/4/3 16:53,121.555,23.9125,3.4,10.4,花蓮縣政府西南方  11.0  公里 (位於花蓮縣壽豐鄉)(花蓮縣壽豐鄉)
小區域有感地震,2024/4/3 16:50,121.72,24.2627,3.4,14.6,花蓮縣政府北北東方  31.8  公里 (位於花蓮縣秀林鄉)(花蓮縣秀林鄉)
小區域有感地震,2024/4/3 16:44,121.72,24.2618,3.7,14.9,花蓮縣政府北北東方  31.7  公里 (位於花蓮縣秀林鄉)(花蓮縣秀林鄉)
小區域有感地震,2024/4/3 16:43,121.53,23.7733,3.7,6,花蓮縣政府南南西方  25.8  公里 (位於花蓮縣壽豐鄉)(花蓮縣壽豐鄉)
小區域有感地震,2024/4/3 16:40,121.75,24.2872,3.2,16,花蓮縣政府北北東方  35.4  公里 (位於花蓮縣近海)(花蓮縣近海)
75,2024/4/3 16:38,121.573,23.7367,4.9,15.3,花蓮縣政府南方  28.6  公里 (位於花蓮縣近海)(花蓮縣近海)
小區域有感地震,2024/4/3 16:36,121.757,24.0962,4.1,24.5,花蓮縣政府東北方  18.1  公里 (位於臺灣東部海域)(臺灣東部海域)
小區域有感地震,2024/4/3 16:28,121.669,24.126,4.3,41.5,花蓮縣政府北北東方  15.8  公里 (位於花蓮縣近海)(花蓮縣近海)
小區域有感地震,2024/4/3 16:28,121.804,24.2488,4.3,15.3,花蓮縣政府東北方  34.1  公里 (位於花蓮縣近海)(花蓮縣近海)
小區域有感地震,2024/4/3 16:26,121.858,24.1775,3.6,21.7,花蓮縣政府東北方  31.8  公里 (位於臺灣東部海域)(臺灣東部海域)
74,2024/4/3 16:17,121.634,24.033,4.7,22,花蓮縣政府北北東方  4.9  公里 (位於花蓮縣近海)(花蓮縣近海)
小區域有感地震,2024/4/3 16:15,121.704,24.1605,3.7,19.3,花蓮縣政府北北東方  20.6  公里 (位於花蓮縣近海)(花蓮縣近海)
小區域有感地震,2024/4/3 16:13,121.668,23.9945,4.2,37.1,花蓮縣政府東方  4.9  公里 (位於花蓮縣近海)(花蓮縣近海)
小區域有感地震,2024/4/3 16:11,121.724,24.1682,3.6,16.5,花蓮縣政府北北東方  22.3  公里 (位於花蓮縣近海)(花蓮縣近海)
小區域有感地震,2024/4/3 16:09,121.55,23.7698,4.5,22.6,花蓮縣政府南南西方  25.5  公里 (位於花蓮縣壽豐鄉)(花蓮縣壽豐鄉)
小區域有感地震,2024/4/3 15:52,121.629,23.9802,3.9,30.3,花蓮縣政府東南方  1.5  公里 (位於花蓮縣近海)(花蓮縣近海)
小區域有感地震,2024/4/3 15:51,121.759,24.0275,3.4,25.6,花蓮縣政府東北東方  14.7  公里 (位於臺灣東部海域)(臺灣東部海域)
小區域有感地震,2024/4/3 15:51,121.761,24.247,3.3,13.7,花蓮縣政府北北東方  31.8  公里 (位於花蓮縣近海)(花蓮縣近海)
小區域有感地震,2024/4/3 15:46,121.677,24.1672,3.5,35.9,花蓮縣政府北北東方  20.4  公里 (位於花蓮縣近海)(花蓮縣近海)
小區域有感地震,2024/4/3 15:33,121.76,24.2618,3.7,14.5,花蓮縣政府北北東方  33.2  公里 (位於花蓮縣近海)(花蓮縣近海)
小區域有感地震,2024/4/3 15:31,121.753,24.1363,4.4,29.5,花蓮縣政府東北方  21.0  公里 (位於花蓮縣近海)(花蓮縣近海)
73,2024/4/3 15:24,121.594,23.9892,4.5,11.8,花蓮縣政府西方  2.6  公里 (位於花蓮縣吉安鄉)(花蓮縣吉安鄉)
小區域有感地震,2024/4/3 15:24,121.715,24.1742,3.4,16.3,花蓮縣政府北北東方  22.4  公里 (位於花蓮縣近海)(花蓮縣近海)
小區域有感地震,2024/4/3 15:16,121.551,23.7662,4.1,21.3,花蓮縣政府南南西方  25.9  公里 (位於花蓮縣壽豐鄉)(花蓮縣壽豐鄉)
小區域有感地震,2024/4/3 15:16,121.67,24.2382,3.9,11.6,花蓮縣政府北北東方  27.8  公里 (位於花蓮縣秀林鄉)(花蓮縣秀林鄉)
小區域有感地震,2024/4/3 15:13,121.724,24.2972,3.8,26.4,花蓮縣政府北北東方  35.5  公里 (位於花蓮縣秀林鄉)(花蓮縣秀林鄉)
小區域有感地震,2024/4/3 15:11,121.563,23.7952,3.4,19.1,花蓮縣政府南南西方  22.5  公里 (位於花蓮縣壽豐鄉)(花蓮縣壽豐鄉)
小區域有感地震,2024/4/3 15:09,121.755,24.0078,3.4,26.8,花蓮縣政府東方  13.8  公里 (位於臺灣東部海域)(臺灣東部海域)
72,2024/4/3 15:05,121.697,24.2318,4.4,11.3,花蓮縣政府北北東方  27.8  公里 (位於花蓮縣秀林鄉)(花蓮縣秀林鄉)
小區域有感地震,2024/4/3 14:55,121.875,24.0698,3.4,4.4,花蓮縣政府東北東方  27.3  公里 (位於臺灣東部海域)(臺灣東部海域)
小區域有感地震,2024/4/3 14:47,121.531,23.7507,3.7,18.4,花蓮縣政府南南西方  28.1  公里 (位於花蓮縣壽豐鄉)(花蓮縣壽豐鄉)
小區域有感地震,2024/4/3 14:46,121.709,24.1698,4,16.7,花蓮縣政府北北東方  21.8  公里 (位於花蓮縣近海)(花蓮縣近海)
小區域有感地震,2024/4/3 14:44,121.74,24.0102,4.2,26.1,花蓮縣政府東方  12.4  公里 (位於臺灣東部海域)(臺灣東部海域)
小區域有感地震,2024/4/3 14:43,121.615,23.9637,3.9,27.5,花蓮縣政府南方  3.1  公里 (位於花蓮縣近海)(花蓮縣近海)
71,2024/4/3 14:33,121.881,24.2083,4.8,5,花蓮縣政府東北方  35.8  公里 (位於臺灣東部海域)(臺灣東部海域)
小區域有感地震,2024/4/3 14:32,121.592,23.8482,4.1,38.1,花蓮縣政府南南西方  16.1  公里 (位於花蓮縣壽豐鄉)(花蓮縣壽豐鄉)
70,2024/4/3 14:31,121.528,23.9098,4.7,10.5,花蓮縣政府西南方  13.0  公里 (位於花蓮縣壽豐鄉)(花蓮縣壽豐鄉)
小區域有感地震,2024/4/3 14:30,121.578,24.0265,3.7,19.3,花蓮縣政府西北方  5.8  公里 (位於花蓮縣秀林鄉)(花蓮縣秀林鄉)
69,2024/4/3 14:28,120.284,23.4623,4.3,15.5,嘉義縣政府西北西方  1.0  公里 (位於嘉義縣朴子市)(嘉義縣朴子市)
小區域有感地震,2024/4/3 14:21,121.71,24.0388,3.6,31.7,花蓮縣政府東北東方  10.5  公里 (位於花蓮縣近海)(花蓮縣近海)
小區域有感地震,2024/4/3 14:20,121.689,24.0203,3.8,26.9,花蓮縣政府東北東方  7.7  公里 (位於花蓮縣近海)(花蓮縣近海)
小區域有感地震,2024/4/3 14:19,121.833,24.185,4.1,20.2,花蓮縣政府東北方  30.5  公里 (位於臺灣東部海域)(臺灣東部海域)
小區域有感地震,2024/4/3 14:14,121.672,24.1547,3.9,16.9,花蓮縣政府北北東方  18.9  公里 (位於花蓮縣近海)(花蓮縣近海)
68,2024/4/3 14:10,121.671,24.1542,4.6,16.5,花蓮縣政府北北東方  18.8  公里 (位於花蓮縣近海)(花蓮縣近海)
67,2024/4/3 14:09,121.684,24.1488,4.2,18,花蓮縣政府北北東方  18.6  公里 (位於花蓮縣近海)(花蓮縣近海)
小區域有感地震,2024/4/3 14:06,121.777,24.0128,3.7,23,花蓮縣政府東方  16.2  公里 (位於臺灣東部海域)(臺灣東部海域)
小區域有感地震,2024/4/3 14:00,121.546,23.813,3.7,18.3,花蓮縣政府南南西方  21.1  公里 (位於花蓮縣壽豐鄉)(花蓮縣壽豐鄉)
小區域有感地震,2024/4/3 13:59,121.744,24.2403,3.2,11.6,花蓮縣政府北北東方  30.3  公里 (位於花蓮縣近海)(花蓮縣近海)
小區域有感地震,2024/4/3 13:54,121.538,23.8188,3.6,18.8,花蓮縣政府南南西方  20.8  公里 (位於花蓮縣壽豐鄉)(花蓮縣壽豐鄉)
小區域有感地震,2024/4/3 13:50,121.676,24.1488,3.8,36.2,花蓮縣政府北北東方  18.4  公里 (位於花蓮縣近海)(花蓮縣近海)
小區域有感地震,2024/4/3 13:45,121.527,23.754,3.4,14.7,花蓮縣政府南南西方  27.9  公里 (位於花蓮縣壽豐鄉)(花蓮縣壽豐鄉)
小區域有感地震,2024/4/3 13:44,121.656,24.0067,3.1,14.2,花蓮縣政府東北東方  4.1  公里 (位於花蓮縣近海)(花蓮縣近海)
小區域有感地震,2024/4/3 13:41,121.73,24.2247,3.8,14.9,花蓮縣政府北北東方  28.2  公里 (位於花蓮縣近海)(花蓮縣近海)
66,2024/4/3 13:38,121.564,23.9215,4,5.7,花蓮縣政府西南方  9.6  公里 (位於花蓮縣壽豐鄉)(花蓮縣壽豐鄉)
小區域有感地震,2024/4/3 13:34,121.688,24.1723,3.5,10.3,花蓮縣政府北北東方  21.2  公里 (位於花蓮縣近海)(花蓮縣近海)
65,2024/4/3 13:33,121.75,24.203,4.3,8.6,花蓮縣政府北北東方  27.0  公里 (位於花蓮縣近海)(花蓮縣近海)
64,2024/4/3 13:28,121.695,24.1718,4.6,8.4,花蓮縣政府北北東方  21.4  公里 (位於花蓮縣近海)(花蓮縣近海)
63,2024/4/3 13:23,121.69,24.0993,4.9,41,花蓮縣政府北北東方  13.9  公里 (位於花蓮縣近海)(花蓮縣近海)
62,2024/4/3 13:22,121.574,23.919,4,8.4,花蓮縣政府南南西方  9.2  公里 (位於花蓮縣吉安鄉)(花蓮縣吉安鄉)
小區域有感地震,2024/4/3 13:14,121.547,23.8257,3.4,19.7,花蓮縣政府南南西方  19.8  公里 (位於花蓮縣壽豐鄉)(花蓮縣壽豐鄉)
小區域有感地震,2024/4/3 13:07,121.747,24.2768,3.5,13.6,花蓮縣政府北北東方  34.2  公里 (位於花蓮縣近海)(花蓮縣近海)
小區域有感地震,2024/4/3 13:00,121.658,24.0847,3.9,14.6,花蓮縣政府北北東方  11.1  公里 (位於花蓮縣近海)(花蓮縣近海)
小區域有感地震,2024/4/3 12:58,121.646,24.0952,3.9,4.1,花蓮縣政府北北東方  11.8  公里 (位於花蓮縣近海)(花蓮縣近海)
61,2024/4/3 12:56,121.75,24.2675,4.5,14.5,花蓮縣政府北北東方  33.3  公里 (位於花蓮縣近海)(花蓮縣近海)
小區域有感地震,2024/4/3 12:49,121.694,24.2168,3.8,6.8,花蓮縣政府北北東方  26.1  公里 (位於花蓮縣近海)(花蓮縣近海)
60,2024/4/3 12:48,121.722,24.203,4.1,9.1,花蓮縣政府北北東方  25.7  公里 (位於花蓮縣近海)(花蓮縣近海)
小區域有感地震,2024/4/3 12:48,121.857,23.8262,3.9,11.9,花蓮縣政府東南方  30.3  公里 (位於臺灣東部海域)(臺灣東部海域)
小區域有感地震,2024/4/3 12:44,121.689,24.165,3.5,9.6,花蓮縣政府北北東方  20.5  公里 (位於花蓮縣近海)(花蓮縣近海)
59,2024/4/3 12:36,121.655,24.0785,4.7,26.7,花蓮縣政府北北東方  10.3  公里 (位於花蓮縣近海)(花蓮縣近海)
小區域有感地震,2024/4/3 12:29,121.674,24.0282,3.9,32.8,花蓮縣政府東北方  6.9  公里 (位於花蓮縣近海)(花蓮縣近海)
小區域有感地震,2024/4/3 12:26,121.941,24.1532,4,27.9,花蓮縣政府東北東方  37.2  公里 (位於臺灣東部海域)(臺灣東部海域)
58,2024/4/3 12:21,121.681,24.117,4.1,6.7,花蓮縣政府北北東方  15.3  公里 (位於花蓮縣近海)(花蓮縣近海)
小區域有感地震,2024/4/3 12:18,121.816,24.1982,3.6,6.1,花蓮縣政府東北方  30.4  公里 (位於臺灣東部海域)(臺灣東部海域)
小區域有感地震,2024/4/3 12:08,121.744,23.7807,4.7,14.5,花蓮縣政府南南東方  26.5  公里 (位於臺灣東部海域)(臺灣東部海域)
小區域有感地震,2024/4/3 12:07,121.661,24.0673,3.4,25.3,花蓮縣政府北北東方  9.4  公里 (位於花蓮縣近海)(花蓮縣近海)
小區域有感地震,2024/4/3 12:06,121.767,24.2635,3.9,17.2,花蓮縣政府北北東方  33.7  公里 (位於花蓮縣近海)(花蓮縣近海)
小區域有感地震,2024/4/3 12:05,121.851,24.1793,3.7,22,花蓮縣政府東北方  31.4  公里 (位於臺灣東部海域)(臺灣東部海域)
小區域有感地震,2024/4/3 12:00,121.754,23.8287,4.2,16.3,花蓮縣政府東南方  22.6  公里 (位於臺灣東部海域)(臺灣東部海域)
57,2024/4/3 11:57,121.593,23.828,5.2,17.4,花蓮縣政府南方  18.3  公里 (位於花蓮縣近海)(花蓮縣近海)
小區域有感地震,2024/4/3 11:53,121.555,23.9055,3.5,7,花蓮縣政府西南方  11.6  公里 (位於花蓮縣壽豐鄉)(花蓮縣壽豐鄉)
小區域有感地震,2024/4/3 11:51,121.757,24.2552,3.3,15.3,花蓮縣政府北北東方  32.4  公里 (位於花蓮縣近海)(花蓮縣近海)
56,2024/4/3 11:45,121.845,23.7855,4.8,6.2,花蓮縣政府東南方  32.3  公里 (位於臺灣東部海域)(臺灣東部海域)
小區域有感地震,2024/4/3 11:43,121.653,24.1043,3.9,11.5,花蓮縣政府北北東方  13.0  公里 (位於花蓮縣近海)(花蓮縣近海)
小區域有感地震,2024/4/3 11:39,121.671,24.1715,3.6,28.2,花蓮縣政府北北東方  20.7  公里 (位於花蓮縣近海)(花蓮縣近海)
55,2024/4/3 11:37,121.544,23.9183,4.1,7,花蓮縣政府西南方  11.1  公里 (位於花蓮縣壽豐鄉)(花蓮縣壽豐鄉)
小區域有感地震,2024/4/3 11:34,121.698,24.0303,3.6,31.5,花蓮縣政府東北東方  9.1  公里 (位於花蓮縣近海)(花蓮縣近海)
小區域有感地震,2024/4/3 11:27,121.867,24.1282,3.6,20.6,花蓮縣政府東北東方  29.3  公里 (位於臺灣東部海域)(臺灣東部海域)
小區域有感地震,2024/4/3 11:24,121.747,24.0102,3.4,26.3,花蓮縣政府東方  13.1  公里 (位於臺灣東部海域)(臺灣東部海域)
54,2024/4/3 11:22,121.682,24.167,4.2,13.5,花蓮縣政府北北東方  20.5  公里 (位於花蓮縣近海)(花蓮縣近海)
53,2024/4/3 11:20,121.665,24.162,4.9,30.6,花蓮縣政府北北東方  19.5  公里 (位於花蓮縣近海)(花蓮縣近海)
小區域有感地震,2024/4/3 11:14,121.911,24.0303,4.4,18.2,花蓮縣政府東方  29.9  公里 (位於臺灣東部海域)(臺灣東部海域)
52,2024/4/3 11:12,121.641,23.8742,4.6,33.7,花蓮縣政府南方  13.1  公里 (位於花蓮縣近海)(花蓮縣近海)
51,2024/4/3 11:11,121.673,24.1365,4.2,17.6,花蓮縣政府北北東方  17.0  公里 (位於花蓮縣近海)(花蓮縣近海)
50,2024/4/3 11:01,121.777,24.1603,4.4,30,花蓮縣政府東北方  24.6  公里 (位於臺灣東部海域)(臺灣東部海域)
小區域有感地震,2024/4/3 11:00,121.66,24.0742,3.8,26.7,花蓮縣政府北北東方  10.1  公里 (位於花蓮縣近海)(花蓮縣近海)
小區域有感地震,2024/4/3 10:54,121.674,23.9608,4.2,35.6,花蓮縣政府東南東方  6.4  公里 (位於花蓮縣近海)(花蓮縣近海)
小區域有感地震,2024/4/3 10:53,121.656,24.0788,3.9,27.7,花蓮縣政府北北東方  10.4  公里 (位於花蓮縣近海)(花蓮縣近海)
小區域有感地震,2024/4/3 10:44,121.744,24.2732,4,5,花蓮縣政府北北東方  33.7  公里 (位於花蓮縣近海)(花蓮縣近海)
小區域有感地震,2024/4/3 10:41,121.775,24.2013,3.5,9.9,花蓮縣政府東北方  28.1  公里 (位於臺灣東部海域)(臺灣東部海域)
小區域有感地震,2024/4/3 10:39,121.65,24.1982,4.2,30.6,花蓮縣政府北方  23.2  公里 (位於花蓮縣秀林鄉)(花蓮縣秀林鄉)
小區域有感地震,2024/4/3 10:36,121.915,24.1918,4.1,27.5,花蓮縣政府東北方  37.4  公里 (位於臺灣東部海域)(臺灣東部海域)
小區域有感地震,2024/4/3 10:36,121.617,23.8152,3.7,37.2,花蓮縣政府南方  19.5  公里 (位於花蓮縣近海)(花蓮縣近海)
49,2024/4/3 10:35,121.627,24.0878,4,11,花蓮縣政府北方  10.7  公里 (位於花蓮縣近海)(花蓮縣近海)
小區域有感地震,2024/4/3 10:33,121.612,23.9782,3.8,24.2,花蓮縣政府南南西方  1.7  公里 (位於花蓮縣花蓮市)(花蓮縣花蓮市)
48,2024/4/3 10:28,121.79,24.2178,5.3,10,花蓮縣政府東北方  30.5  公里 (位於臺灣東部海域)(臺灣東部海域)
47,2024/4/3 10:23,121.666,24.1455,4.9,17,花蓮縣政府北北東方  17.7  公里 (位於花蓮縣近海)(花蓮縣近海)
46,2024/4/3 10:20,121.649,23.9198,4.5,38.6,花蓮縣政府南南東方  8.4  公里 (位於花蓮縣近海)(花蓮縣近海)
45,2024/4/3 10:14,121.93,24.145,6.2,17.1,花蓮縣政府東北東方  35.8  公里 (位於臺灣東部海域)(臺灣東部海域)
44,2024/4/3 10:13,121.806,24.229,4.7,3.7,花蓮縣政府東北方  32.4  公里 (位於臺灣東部海域)(臺灣東部海域)
43,2024/4/3 09:53,121.554,23.8682,5.1,16.1,花蓮縣政府南南西方  15.2  公里 (位於花蓮縣壽豐鄉)(花蓮縣壽豐鄉)
42,2024/4/3 09:49,121.789,23.8012,5.1,12.1,花蓮縣政府東南方  27.2  公里 (位於臺灣東部海域)(臺灣東部海域)
41,2024/4/3 09:45,121.676,24.0992,4.2,9,花蓮縣政府北北東方  13.3  公里 (位於花蓮縣近海)(花蓮縣近海)
40,2024/4/3 09:39,121.725,23.8385,5.7,8.1,花蓮縣政府東南方  20.0  公里 (位於臺灣東部海域)(臺灣東部海域)
小區域有感地震,2024/4/3 09:30,121.676,23.6443,3.8,27.4,花蓮縣政府南方  38.8  公里 (位於臺灣東部海域)(臺灣東部海域)
小區域有感地震,2024/4/3 09:23,121.767,24.0052,3.8,5.4,花蓮縣政府東方  15.0  公里 (位於臺灣東部海域)(臺灣東部海域)
39,2024/4/3 09:17,121.683,24.0382,5,35.1,花蓮縣政府東北方  8.2  公里 (位於花蓮縣近海)(花蓮縣近海)
38,2024/4/3 09:16,121.9,24.1855,4.4,21.7,花蓮縣政府東北方  35.7  公里 (位於臺灣東部海域)(臺灣東部海域)
37,2024/4/3 09:15,121.687,24.1333,4.4,35.3,花蓮縣政府北北東方  17.2  公里 (位於花蓮縣近海)(花蓮縣近海)
36,2024/4/3 09:13,121.668,24.0628,4.9,38.6,花蓮縣政府東北方  9.4  公里 (位於花蓮縣近海)(花蓮縣近海)
35,2024/4/3 09:11,121.67,24.063,4.4,50.9,花蓮縣政府東北方  9.5  公里 (位於花蓮縣近海)(花蓮縣近海)
小區域有感地震,2024/4/3 09:09,121.657,24.2275,5.3,9.7,花蓮縣政府北方  26.5  公里 (位於花蓮縣秀林鄉)(花蓮縣秀林鄉)
34,2024/4/3 09:09,121.775,24.1095,5.4,25.4,花蓮縣政府東北方  20.5  公里 (位於臺灣東部海域)(臺灣東部海域)
小區域有感地震,2024/4/3 09:08,121.632,23.9257,4.3,34.2,花蓮縣政府南方  7.3  公里 (位於花蓮縣近海)(花蓮縣近海)
33,2024/4/3 09:07,121.708,24.043,4.9,20,花蓮縣政府東北東方  10.7  公里 (位於花蓮縣近海)(花蓮縣近海)
小區域有感地震,2024/4/3 09:06,121.647,23.972,4.4,38.1,花蓮縣政府東南方  3.5  公里 (位於花蓮縣近海)(花蓮縣近海)
小區域有感地震,2024/4/3 09:02,121.496,23.8218,3.4,3.5,花蓮縣政府西南方  22.6  公里 (位於花蓮縣壽豐鄉)(花蓮縣壽豐鄉)
32,2024/4/3 08:54,121.623,23.7967,4.7,36.8,花蓮縣政府南方  21.5  公里 (位於花蓮縣近海)(花蓮縣近海)
小區域有感地震,2024/4/3 08:53,121.667,24.1073,3.9,36.4,花蓮縣政府北北東方  13.8  公里 (位於花蓮縣近海)(花蓮縣近海)
31,2024/4/3 08:50,121.569,23.8353,5.4,21.6,花蓮縣政府南南西方  18.0  公里 (位於花蓮縣壽豐鄉)(花蓮縣壽豐鄉)
30,2024/4/3 08:46,121.689,24.1898,5.4,3.1,花蓮縣政府北北東方  23.1  公里 (位於花蓮縣近海)(花蓮縣近海)
小區域有感地震,2024/4/3 08:43,121.546,23.9877,5.4,10.3,花蓮縣政府西方  7.6  公里 (位於花蓮縣吉安鄉)(花蓮縣吉安鄉)
29,2024/4/3 08:41,121.613,23.9613,4.6,24.1,花蓮縣政府南南西方  3.4  公里 (位於花蓮縣近海)(花蓮縣近海)
28,2024/4/3 08:39,121.678,24.254,4.5,1.4,花蓮縣政府北北東方  29.7  公里 (位於花蓮縣秀林鄉)(花蓮縣秀林鄉)
27,2024/4/3 08:37,121.551,23.9863,4.7,13.6,花蓮縣政府西方  7.1  公里 (位於花蓮縣吉安鄉)(花蓮縣吉安鄉)
26,2024/4/3 08:35,121.716,24.2313,5.6,14.6,花蓮縣政府北北東方  28.4  公里 (位於花蓮縣近海)(花蓮縣近海)
25,2024/4/3 08:30,121.865,24.2452,4.6,2.4,花蓮縣政府東北方  37.6  公里 (位於臺灣東部海域)(臺灣東部海域)
小區域有感地震,2024/4/3 08:29,121.723,24.1413,4,31.5,花蓮縣政府東北方  19.7  公里 (位於花蓮縣近海)(花蓮縣近海)
24,2024/4/3 08:27,121.571,23.8257,4.9,20.1,花蓮縣政府南南西方  19.0  公里 (位於花蓮縣壽豐鄉)(花蓮縣壽豐鄉)
小區域有感地震,2024/4/3 08:25,121.606,23.7955,4.6,40.3,花蓮縣政府南方  21.7  公里 (位於花蓮縣近海)(花蓮縣近海)
23,2024/4/3 08:23,121.651,23.9642,4.4,30.8,花蓮縣政府東南方  4.3  公里 (位於花蓮縣近海)(花蓮縣近海)
小區域有感地震,2024/4/3 08:19,121.611,23.998,4.1,5.7,花蓮縣政府西北方  1.2  公里 (位於花蓮縣花蓮市)(花蓮縣花蓮市)
小區域有感地震,2024/4/3 08:18,121.579,23.9255,4.5,25.5,花蓮縣政府南南西方  8.4  公里 (位於花蓮縣吉安鄉)(花蓮縣吉安鄉)
22,2024/4/3 08:17,121.724,24.0285,5.4,32.2,花蓮縣政府東北東方  11.4  公里 (位於花蓮縣近海)(花蓮縣近海)
21,2024/4/3 08:11,121.659,24.1003,6.5,5.5,花蓮縣政府北北東方  12.7  公里 (位於花蓮縣近海)(花蓮縣近海)
小區域有感地震,2024/4/3 08:07,121.573,23.8262,4.3,19.1,花蓮縣政府南南西方  18.9  公里 (位於花蓮縣壽豐鄉)(花蓮縣壽豐鄉)
小區域有感地震,2024/4/3 08:04,121.685,24.163,4.7,42.2,花蓮縣政府北北東方  20.2  公里 (位於花蓮縣近海)(花蓮縣近海)
小區域有感地震,2024/4/3 08:03,121.653,23.9513,4.8,34.5,花蓮縣政府東南方  5.5  公里 (位於花蓮縣近海)(花蓮縣近海)
小區域有感地震,2024/4/3 08:02,121.659,24.1727,5,33.3,花蓮縣政府北北東方  20.5  公里 (位於花蓮縣近海)(花蓮縣近海)
小區域有感地震,2024/4/3 08:01,121.601,23.992,5,39.7,花蓮縣政府西方  2.0  公里 (位於花蓮縣花蓮市)(花蓮縣花蓮市)
20,2024/4/3 08:00,121.67,23.8712,5.3,25.4,花蓮縣政府南南東方  14.2  公里 (位於花蓮縣近海)(花蓮縣近海)
19,2024/4/3 07:58,121.665,23.769,7.2,15.5,花蓮縣政府南南東方  25.0  公里 (位於臺灣東部海域)(臺灣東部海域)
小區域有感地震,2024/4/3 03:33,120.214,23.3615,3.5,8.6,嘉義縣政府西南方  13.5  公里 (位於嘉義縣義竹鄉)(嘉義縣義竹鄉)
18,2024/4/3 03:26,120.191,23.3768,4.8,7.4,嘉義縣政府西南方  13.8  公里 (位於嘉義縣布袋鎮)(嘉義縣布袋鎮)
小區域有感地震,2024/4/1 15:01,120.203,23.3595,3.2,9.6,嘉義縣政府西南方  14.4  公里 (位於嘉義縣義竹鄉)(嘉義縣義竹鄉)
小區域有感地震,2024/4/1 14:57,120.215,23.3607,3.1,8.7,嘉義縣政府西南方  13.5  公里 (位於嘉義縣義竹鄉)(嘉義縣義竹鄉)
小區域有感地震,2024/4/1 14:54,120.228,23.3637,3.2,9.5,嘉義縣政府西南方  12.5  公里 (位於嘉義縣義竹鄉)(嘉義縣義竹鄉)
17,2024/4/1 14:51,120.21,23.3655,4.1,8.7,嘉義縣政府西南方  13.4  公里 (位於嘉義縣義竹鄉)(嘉義縣義竹鄉)
